,accuracy,cluster,tags
0,26.530612244898,4,"['easy-medium', 'dp+trees']"
1,20.192307692308,3,"['easy', 'euler-tour']"
2,25.396825396824998,4,"['prime', 'prefix-sum', 'simple']"
3,28.346456692912998,4,"['easy', 'dynamic-programming']"
4,40.769230769231,1,"['greedy', 'sorting']"
5,46.173800259403,1,['implementation']
6,10.271317829457,0,"['ad-hoc', 'game']"
7,1.271186440678,0,['greedy']
8,90.58295964125601,2,"['greedy', 'sorting']"
9,46.153846153846,1,['implementation']
10,21.031426269138,3,"['ad-hoc', 'game']"
11,3.7414965986395,0,['greedy']
12,15.057332528666,3,['game-theory']
13,0.0,0,"['greedy', 'constructive', 'median']"
14,6.6996402877698,0,"['greedy', 'math']"
15,0.0,0,"['convex-hull-trick', 'medium-hard']"
16,0.0,0,"['bitmasking', 'dynamic-programming']"
17,25.688263299524003,4,['bruteforce']
18,32.745314222712004,4,['game-theory']
19,5.5555555555556,0,"['greedy', 'constructive', 'median']"
20,30.949105914717997,4,"['greedy', 'math']"
21,12.5,3,"['convex-hull-trick', 'medium-hard']"
22,26.666666666667,4,"['bitmasking', 'dynamic-programming']"
23,37.5,4,['bruteforce']
24,47.596153846154,1,['externalcontest']
25,7.7922077922078,0,['externalcontest']
26,44.240837696335,1,"['encoding', 'horsbug98', 'maths']"
27,15.625,3,"['bfs', 'encoding', 'graph', 'horsbug98']"
28,37.974683544304,4,"['ad-hoc', 'apamit11', 'horsbug98', 'programming']"
29,26.573426573427,4,"['encoding', 'horsbug98', 'primes']"
30,34.345351043643,4,"['array', 'dshahid380', 'encoding', 'horsbug98']"
31,50.0,1,"['dijkstra', 'encoding', 'graph', 'horsbug98', 'implementation']"
32,49.003984063745,1,"['implementation', 'condition', 'encoding', 'horsbug98']"
33,0.2349716075974201,0,"['likecs', 'step_by_step', 'medium-hard', 'dynamic-programming']"
34,3.3898305084746,0,"['likecs', 'cycle', 'sanroylozan', 'dfs', 'medium']"
35,0.0,0,"['hard', 'likecs', 'matrix-mul', 'bciobanu', 'tropical-geometry', 'link-cut-tree']"
36,2.119298245614,0,"['likecs', 'segment-tree', 'binary-search', 'medium']"
37,13.346452447703,3,"['likecs', 'jitendersheora', 'simple', 'binary-search']"
38,23.980027178207003,4,"['likecs', 'admin2', 'cakewalk']"
39,22.077577045696,3,"['likecs', 'easy', 'vidyut_1', 'sorting']"
40,0.3003003003003,0,"['likecs', 'cases', 'medium-hard', 'binary-search']"
41,2.1032504780115,0,"['likecs', 'step_by_step', 'medium-hard', 'dynamic-programming']"
42,11.434977578475001,3,"['likecs', 'cycle', 'sanroylozan', 'dfs', 'medium']"
43,3.304347826087,0,"['hard', 'likecs', 'matrix-mul', 'bciobanu', 'tropical-geometry', 'link-cut-tree']"
44,4.4408139016783,0,"['likecs', 'segment-tree', 'binary-search', 'medium']"
45,28.863636363635997,4,"['likecs', 'jitendersheora', 'simple', 'binary-search']"
46,63.934426229508,2,"['likecs', 'admin2', 'cakewalk']"
47,46.892655367231995,1,"['likecs', 'easy', 'vidyut_1', 'sorting']"
48,1.6771724448447,0,"['likecs', 'cases', 'medium-hard', 'binary-search']"
49,32.614823412369,4,"['likecs', 'cakewalk', 'fekete']"
50,7.218880148079599,0,"['likecs', 'observations', 'easy-medium', 'fekete']"
51,1.8292682926829,0,"['likecs', 'counting', 'fekete', 'gcd', 'easy-medium', 'inclusn-exclusn']"
52,5.2631578947368,0,"['dynamic-programming', 'likecs', 'fekete', 'tries', 'medium', 'string-hashing']"
53,0.0,0,"['likecs', 'mex', 'medium-hard', 'fekete']"
54,1.5499732763228,0,"['likecs', 'sieve', 'easy', 'fekete']"
55,44.444444444443995,1,"['likecs', 'cakewalk', 'fekete']"
56,18.634423897582,3,"['likecs', 'observations', 'easy-medium', 'fekete']"
57,21.875,3,"['likecs', 'counting', 'fekete', 'gcd', 'easy-medium', 'inclusn-exclusn']"
58,19.607843137255003,3,"['dynamic-programming', 'likecs', 'fekete', 'tries', 'medium', 'string-hashing']"
59,1.0752688172043,0,"['likecs', 'mex', 'medium-hard', 'fekete']"
60,12.224669603524001,3,"['likecs', 'sieve', 'easy', 'fekete']"
61,0.0,0,"['implementation', 'graph-theory']"
62,29.833585476550997,4,"['implementation', 'array', 'simple']"
63,60.047974413646,1,"['implementation', 'string']"
64,0.28735632183908,0,"['implementation', 'logic', 'binary-search']"
65,0.0,0,"['hard', 'dynamic-programming', 'persistence', 'lca', 'segment-tree']"
66,10.862619808306999,3,"['pre-process', 'math', 'sieve', 'gcd', 'implementation']"
67,20.731707317073,3,"['implementation', 'graph-theory']"
68,49.826989619377,1,"['implementation', 'array', 'simple']"
69,92.857142857143,2,"['implementation', 'string']"
70,6.7567567567568,0,"['implementation', 'logic', 'binary-search']"
71,34.615384615385,4,"['hard', 'dynamic-programming', 'persistence', 'lca', 'segment-tree']"
72,22.222222222221998,3,"['pre-process', 'math', 'sieve', 'gcd', 'implementation']"
73,20.136518771331,3,"['bfs', 'easy', 'pre-processing']"
74,4.0,0,"['easy', 'prefix-sum']"
75,35.928143712575,4,"['difference-array', 'lazy', 'easy', 'dfs', 'euler-tour']"
76,21.923457604751,3,['simple']
77,21.641246146357002,3,['cakewalk']
78,6.4075351552136,0,['easy']
79,28.202160493826998,4,['easy-medium']
80,3.0842230130486,0,['medium-hard']
81,3.6638226034585,0,['easy']
82,4.9836981835119,0,['medium']
83,1.2765957446808998,0,['medium-hard']
84,12.5,3,['hard']
85,2.7834525025536,0,['medium-hard']
86,6.5573770491803005,0,['hard']
87,45.983379501385,1,['easy-medium']
88,2.6797385620915,0,['medium-hard']
89,9.0002694691458,0,['easy']
90,11.012183692595999,3,['medium']
91,47.213114754097994,1,['simple']
92,43.854748603352,1,['cakewalk']
93,26.461538461538,4,"['likecs', 'greedy', 'dfs', 'easy-medium', 'bottom-up']"
94,0.53908355795148,0,"['bitwise-operatn', 'likecs', 'medium-hard', 'binary-search', 'meet-in-middle']"
95,0.0,0,"['likecs', 'hard', 'dsu', 'dynamic-programming']"
96,1.9417475728155,0,"['likecs', 'prefix', 'queries', 'medium']"
97,62.486910994764,2,"['likecs', 'prefix-sum', 'cakewalk']"
98,13.609223800699999,3,"['likecs', 'easy', 'prefix-sum', 'sliding-window']"
99,4.390243902439,0,"['bitwise-operatn', 'likecs', 'medium-hard', 'binary-search', 'meet-in-middle']"
100,6.8965517241379,0,"['likecs', 'hard', 'dsu', 'dynamic-programming']"
101,35.964912280702,4,"['likecs', 'greedy', 'dfs', 'easy-medium', 'bottom-up']"
102,7.1428571428571,0,"['likecs', 'prefix', 'queries', 'medium']"
103,43.021346469622,1,"['likecs', 'easy', 'prefix-sum', 'sliding-window']"
104,84.210526315789,2,"['likecs', 'prefix-sum', 'cakewalk']"
105,3.5714285714286,0,"['geometry', 'easy', 'looping', 'line']"
106,0.0,0,"['dp+bitmask', 'med-hard']"
107,1.7832647462276998,0,"['mgch', 'medium', 'segment-tree']"
108,20.0,3,"['hard', 'dynamic-programming', 'lazypropagation', 'segment-tree']"
109,16.928352282981,3,"['cakewalk', 'conditions', 'math']"
110,27.986348122866996,4,"['brute-force', 'permutation', 'simple']"
111,12.171052631579,3,"['mgch', 'medium', 'segment-tree']"
112,25.161290322581,4,"['geometry', 'easy', 'looping', 'line']"
113,37.5,4,"['dp+bitmask', 'med-hard']"
114,31.25,4,"['hard', 'dynamic-programming', 'lazypropagation', 'segment-tree']"
115,40.425531914894,1,"['cakewalk', 'conditions', 'math']"
116,46.71875,1,"['brute-force', 'permutation', 'simple']"
117,0.95011876484561,0,"['branch', 'hard', 'dynamic-programming', 'bignum', 'bound', 'iloveksh']"
118,4.9261083743842,0,"['barenuz', 'likecs', 'medium-hard', 'convex-hull-trick', 'hld']"
119,8.4375,0,"['likecs', 'ratingoverflow', 'hard', 'minimum-cut']"
120,81.904761904762,2,"['probability', 'likecs', 'cakewalk']"
121,20.652173913043,3,"['likecs', 'binary-numbers', 'sanroylozan', 'floyd-warshall', 'easy']"
122,14.467005076142001,3,"['jitendersheora', 'likecs', 'offline', 'tries', 'easy-medium']"
123,62.637362637363005,2,"['likecs', 'pieguy', 'bfs', 'challenge']"
124,18.562628336756,3,"['cross-product', 'likecs', 'nots0fast', 'binary-search', 'geometry', 'easy-medium']"
125,3.831529687043,0,"['likecs', 'observsations', 'sanroylozan', 'medium', 'factorization']"
126,6.025267249757,0,"['recurrences', 'likecs', 'teja349', 'medium-hard', 'matrix-expo']"
127,0.0,0,"['branch', 'hard', 'dynamic-programming', 'bignum', 'bound', 'iloveksh']"
128,2.4691358024691,0,"['barenuz', 'likecs', 'medium-hard', 'convex-hull-trick', 'hld']"
129,0.0,0,"['likecs', 'ratingoverflow', 'hard', 'minimum-cut']"
130,50.817610062893,1,"['probability', 'likecs', 'cakewalk']"
131,10.432278930346,3,"['likecs', 'binary-numbers', 'sanroylozan', 'floyd-warshall', 'easy']"
132,4.8323626633087,0,"['jitendersheora', 'likecs', 'offline', 'tries', 'easy-medium']"
133,14.0,3,"['likecs', 'pieguy', 'bfs', 'challenge']"
134,10.157542622833,0,"['cross-product', 'likecs', 'nots0fast', 'binary-search', 'geometry', 'easy-medium']"
135,1.6218208625138,0,"['likecs', 'observsations', 'sanroylozan', 'medium', 'factorization']"
136,1.2878787878788,0,"['recurrences', 'likecs', 'teja349', 'medium-hard', 'matrix-expo']"
137,2.7624309392265,0,['dynamic-programming']
138,2.3902821316614,0,"['easy', 'math']"
139,1.4044943820225,0,"['seive', 'prime', 'miller-rabin', 'segment-tree']"
140,3.7383177570093,0,"['finding-pattern', 'math', 'medium']"
141,57.815671944783,1,"['easy', 'math']"
142,12.559549588566,3,"['array', 'freq', 'looping', 'simple', 'string']"
143,1.8843404808317,0,"['hashing', 'xellos0', 'string', 'easy', 'kingofnumbers']"
144,2.8985507246377,0,"['array', 'easy-med', 'kingofnumbers', 'looping', 'simulation', 'stack']"
145,7.899628252788099,0,"['easy-medium', 'dynamic-programming', '2darray']"
146,0.0,0,"['lines', 'hard', 'convex-hull', 'geometry']"
147,39.588377723971,4,"['2-d-array', 'math', 'cakewalk']"
148,33.131313131313,4,"['array', 'freq', 'looping', 'simple', 'string']"
149,18.64406779661,3,"['hashing', 'xellos0', 'string', 'easy', 'kingofnumbers']"
150,18.181818181818,3,"['array', 'easy-med', 'kingofnumbers', 'looping', 'simulation', 'stack']"
151,28.391167192429,4,"['easy-medium', 'dynamic-programming', '2darray']"
152,7.4380165289256,0,"['lines', 'hard', 'convex-hull', 'geometry']"
153,66.666666666667,2,"['2-d-array', 'math', 'cakewalk']"
154,2.5641025641026003,0,"['prefix-sum', 'dynamic-programming']"
155,8.6673889490791,0,"['xor', 'constructive']"
156,0.0,0,"['dynamic-programming', 'modular-arith']"
157,11.731843575419,3,['xor']
158,0.0,0,"['squares', 'scanline', 'binary-search', 'geometry', 'bit']"
159,18.181818181818,3,"['prefix-sum', 'dynamic-programming']"
160,23.724489795918004,4,"['xor', 'constructive']"
161,8.5714285714286,0,"['dynamic-programming', 'modular-arith']"
162,26.470588235294,4,['xor']
163,10.526315789474,3,"['squares', 'scanline', 'binary-search', 'geometry', 'bit']"
164,2.0224719101124,0,"['stack', 'hard', 'homotopic', 'geometry']"
165,2.6076649545634,0,['segment-tree']
166,4.0,0,"['convolution', 'power-series', 'fft']"
167,77.631578947368,2,"['cakewalk', 'gcd']"
168,67.105263157895,2,"['xor', 'easy']"
169,46.428571428571,1,"['easy', 'sorting']"
170,10.191082802548,0,"['easy-medium', 'dynamic-programming']"
171,14.51731761238,3,"['medium-hard', 'minimum-spanning-tree', 'gomory-hu']"
172,13.973799126638,3,['binary-search']
173,3.2608695652174,0,"['convolution', 'power-series', 'fft']"
174,5.3333333333333,0,['segment-tree']
175,4.1666666666667,0,"['stack', 'hard', 'homotopic', 'geometry']"
176,31.680954155795998,4,"['cakewalk', 'gcd']"
177,30.201037613489,4,"['xor', 'easy']"
178,21.23459315706,3,"['easy', 'sorting']"
179,4.218690881574,0,"['easy-medium', 'dynamic-programming']"
180,6.9114470842332985,0,"['medium-hard', 'minimum-spanning-tree', 'gomory-hu']"
181,7.0058517555267,0,['binary-search']
182,55.038167938931,1,"['basic-math', 'cakewalk']"
183,6.7432201319326,0,"['basic-math', 'easy']"
184,2.7956989247312003,0,"['constructive', 'bfs', 'dfs', 'medium']"
185,8.1081081081081,0,"['graph-theory', 'dfs', 'np-hard', 'medium']"
186,7.5,0,"['math', 'medium']"
187,0.0,0,"['hard', 'convex-hull', 'segment-tree']"
188,100.0,2,"['basic-math', 'cakewalk']"
189,23.366834170854002,3,"['basic-math', 'easy']"
190,12.612612612613,3,"['constructive', 'bfs', 'dfs', 'medium']"
191,10.588235294118,3,"['graph-theory', 'dfs', 'np-hard', 'medium']"
192,20.918367346939,3,"['math', 'medium']"
193,1.1824324324323998,0,"['hard', 'convex-hull', 'segment-tree']"
194,8.8669950738916,0,['union-find']
195,18.340026773762,3,['cakewalk']
196,10.919540229885001,3,"['easy-medium', 'dynamic-programming']"
197,15.0,3,"['expected-value', 'modular-arith']"
198,0.0,0,"['game-theory', 'games', 'medium']"
199,42.857142857143,1,"['topology', 'bitmask', 'medium-hard']"
200,77.57936507936499,2,"['chess', 'cakewalk']"
201,20.19282271023,3,"['greedy', 'nim', 'game-theory', 'game']"
202,2.6041666666667003,0,"['greedy', 'easy-medium', 'binary-search']"
203,0.0,0,"['hard', 'matroid-partition', 'euler-tour', 'spanningtree']"
204,4.9180327868852,0,"['game-theory', 'games', 'medium']"
205,9.6774193548387,0,"['hard', 'matroid-partition', 'euler-tour', 'spanningtree']"
206,39.473684210526,4,"['topology', 'bitmask', 'medium-hard']"
207,41.624365482234,1,"['greedy', 'nim', 'game-theory', 'game']"
208,11.932773109244001,3,"['greedy', 'easy-medium', 'binary-search']"
209,85.714285714286,2,"['chess', 'cakewalk']"
210,1.7421602787456,0,"['easy-medium', 'maths']"
211,36.057692307692,4,"['ad-hoc', 'cakewalk']"
212,60.0,1,"['chef', 'easy', 'greedy', 'sorting']"
213,22.033898305085,3,"['strings', 'easy']"
214,17.575757575758,3,"['greedy', 'easy', 'sorting']"
215,14.864864864865,3,['simple']
216,16.831683168317,3,"['heap', 'easy']"
217,23.076923076923,3,"['dp+bitmask', 'euler-tour', 'dynamic-programming', 'medium']"
218,25.0,4,"['mobius', 'hard']"
219,10.079575596817,0,"['string', 'cakewalk']"
220,3.125,0,"['sieve', 'fft', 'medium']"
221,80.26970621287501,2,"['mgch', 'challenge', 'factorization', 'random', 'simulation']"
222,4.5914069081719004,0,"['medium-hard', 'dynamic-programming', 'generalized-catalan']"
223,22.706155632985002,3,"['string', 'logic', 'math']"
224,10.153181461115,0,"['deque', 'data-structure', 'segment-tree', 'medium']"
225,13.880187940486,3,"['epsilon', 'geometry', 'easy', 'math']"
226,3.6672140120416,0,"['taylor-series', 'segtree', 'medium-hard', 'lazypropagation']"
227,8.2228116710875,0,"['hard', 'generating_functions', 'math']"
228,12.152777777778,3,"['hard', 'fft', 'palindrome', 'dp-bitmask', 'fwt']"
229,28.695652173913,4,"['easy', 'fast-expo']"
230,18.882978723404,3,"['looping', 'array', 'math']"
231,67.647378134839,2,"['mgch', 'challenge', 'factorization', 'random', 'simulation']"
232,1.7980636237898,0,"['medium-hard', 'dynamic-programming', 'generalized-catalan']"
233,9.6469722971316,0,"['string', 'logic', 'math']"
234,3.3136676499508,0,"['deque', 'data-structure', 'segment-tree', 'medium']"
235,7.540136189671498,0,"['epsilon', 'geometry', 'easy', 'math']"
236,9.829072401518001,0,"['easy', 'fast-expo']"
237,6.6452131938858,0,"['looping', 'array', 'math']"
238,33.015993907083,4,"['minimum_element', 'array', 'cakewalk', 'looping']"
239,1.6949152542373,0,"['taylor-series', 'segtree', 'medium-hard', 'lazypropagation']"
240,4.9382716049383,0,"['hard', 'generating_functions', 'math']"
241,13.432835820896,3,"['codemelange', 'dsu', 'medium', 'sack']"
242,0.0,0,"['codemelange', 'hard', 'math']"
243,50.0,1,"['codemelange', 'hard', 'math']"
244,1.3245033112583,0,"['gcd', 'dynamic-programming', 'medium']"
245,0.0,0,"['squareroot', 'hard', 'supernode']"
246,30.894308943088998,4,"['sum', 'maths', 'sieve', 'easy-medium']"
247,61.05527638191,1,"['ad-hoc', 'easy', 'maths']"
248,96.078431372549,2,"['string', 'easy']"
249,92.56198347107402,2,"['sum', 'array', 'easy']"
250,67.309546769527,2,"['string', 'easy']"
251,63.0859375,2,"['sum', 'array', 'easy']"
252,17.908082408875,3,"['sum', 'maths', 'sieve', 'easy-medium']"
253,34.623217922607004,4,"['ad-hoc', 'easy', 'maths']"
254,0.0,0,"['gcd', 'dynamic-programming', 'medium']"
255,0.0,0,"['squareroot', 'hard', 'supernode']"
256,20.533880903491003,3,"['ad-hoc', 'maths']"
257,25.47619047619,4,"['easy', 'sorting']"
258,0.0,0,"['auxiliary-tree', '2sat']"
259,16.666666666667,3,['ntt']
260,46.511627906977,1,['maths']
261,19.642857142857,3,"['dynamic-programming', 'segment-tree']"
262,0.88888888888889,0,"['pag', 'fft']"
263,26.086956521739,4,"['pag', 'dynamic-programming']"
264,50.0,1,"['shortest-path', 'multiset']"
265,15.05376344086,3,"['pag', 'dynamic-programming']"
266,23.515981735160004,4,"['implementation', 'easy']"
267,61.325966850829,1,"['implementation', 'cakewalk']"
268,1.4492753623188002,0,"['bruteforce', 'tree', 'dfs', 'medium']"
269,6.7164179104478015,0,"['easy-medium', 'datastructure']"
270,47.135487374423,1,"['implementation', 'easy']"
271,0.0,0,"['medium-hard', 'datastructure', 'tree']"
272,44.444444444443995,1,"['implementation', 'easy']"
273,16.666666666667,3,"['bruteforce', 'tree', 'dfs', 'medium']"
274,14.141414141414002,3,"['easy-medium', 'datastructure']"
275,75.911251980983,2,"['implementation', 'easy']"
276,17.073170731707002,3,"['medium-hard', 'datastructure', 'tree']"
277,92.307692307692,2,"['implementation', 'cakewalk']"
278,0.0,0,"['dfs', 'easy', 'graph']"
279,8.7284659557014,0,"['triangle', 'segment-tree', 'mergesort', 'medium']"
280,2.6548672566372,0,"['ntt', 'counting', 'hard']"
281,5.95690747782,0,"['probability', 'expected-value', 'hard', 'fft']"
282,42.481511914544,1,"['easy-medium', 'xor', 'prefix-sum']"
283,8.7716804094399,0,"['inclusion-exclusion', 'mobius', 'medium']"
284,75.373134328358,2,"['maths', 'easy']"
285,81.603053435115,2,"['greedy', 'ad-hoc', 'easy', 'sorting']"
286,89.705882352941,2,"['implementation', 'simple']"
287,35.627389641988,4,"['easy-medium', 'binary-search']"
288,31.884057971014,4,"['easy-medium', 'binary-search']"
289,2.5486864462162004,0,"['triangle', 'segment-tree', 'mergesort', 'medium']"
290,7.547169811320798,0,"['ntt', 'counting', 'hard']"
291,13.725490196078,3,"['probability', 'expected-value', 'hard', 'fft']"
292,19.230769230769,3,"['easy-medium', 'xor', 'prefix-sum']"
293,4.8040455120101,0,"['inclusion-exclusion', 'mobius', 'medium']"
294,39.213349225268004,4,"['maths', 'easy']"
295,34.16641787862,4,"['greedy', 'ad-hoc', 'easy', 'sorting']"
296,45.765081901718,1,"['implementation', 'simple']"
297,14.123429819771,3,"['easy-medium', 'binary-search']"
298,7.8989220710372985,0,"['easy-medium', 'binary-search']"
299,9.090909090909099,0,"['mask', 'likecs', 'convolution', 'medium-hard', 'queries']"
300,39.187327823691,4,"['greedy', 'likecs', 'cakewalk']"
301,29.810901001111997,4,"['greedy', 'easy', 'likecs']"
302,24.324324324324003,4,"['likecs', 'observations', 'medium-hard', 'binary-search']"
303,38.857142857143,4,"['equations', 'easy-medium', 'likecs', 'gcd']"
304,34.161273395137,4,"['greedy', 'cakewalk']"
305,9.5518001469508,0,"['easy', 'game', 'sorting']"
306,3.9891205802357,0,"['kmp', 'tree', 'binary-lifting', 'medium']"
307,2.8169014084507,0,"['med-hard', 'segment-tree']"
308,53.639846743295,1,['cakewalk']
309,45.0,1,['simple']
310,52.027027027026996,1,['simple']
311,62.86191536748299,2,"['loops', 'conditions', 'cakewalk']"
312,28.571428571429,4,"['dynamic-programming', 'medium']"
313,20.95010252905,3,"['greedy', 'simple', 'sorting']"
314,11.111111111110999,3,"['hard', 'tree', 'data-structure', 'dfs', 'graph-theory']"
315,21.511627906977,3,"['codr2018', 'dp+trees', 'medium']"
316,7.4626865671642015,0,"['codr2018', 'medium-hard', 'mo-algorithm', 'multiset', 'segment-tree', 'tree']"
317,10.588235294118,3,"['codr2018', 'matrix-expo', 'medium-hard']"
318,27.43312464428,4,"['codr2018', 'cakewalk']"
319,20.0,3,"['codr2018', 'dynamic-programming', 'medium-hard', 'merge-sort-tree']"
320,12.47191011236,3,"['binary-search', 'codr2018', 'easy', 'sets', 'stl']"
321,50.0,1,"['bitmasking', 'hard', 'strings', 'binary-search']"
322,2.445652173913,0,"['easy-medium', 'hashing', 'segment-tree']"
323,3.2967032967033,0,"['2-sat', 'graph', 'medium']"
324,41.231488698363,1,"['easy', 'simple']"
325,6.3492063492063,0,"['factorial', 'easy', 'maths']"
326,9.8461538461538,0,"['easy-medium', 'maths']"
327,20.192307692308,3,"['number-theory', 'maths', 'medium']"
328,25.581395348837,4,"['bruteforce', 'maths']"
329,33.333333333333,4,"['bubblesort', 'sorting']"
330,36.797752808989,4,"['codechef', 'simple', 'turingcup']"
331,18.336162988115,3,"['codechef', 'simple', 'turingcup']"
332,52.602739726027,1,"['codechef', 'simple', 'turingcup']"
333,26.176470588235002,4,"['codechef', 'easy', 'turingcup']"
334,13.1038647343,3,"['cakewalk', 'codh2018', 'divisibility', 'rules']"
335,9.35960591133,0,"['codh2018', 'easy', 'graph']"
336,11.165048543689,3,"['dynamic-programming', 'easy', 'sqrt', 'segment-tree', 'codh2018']"
337,38.257575757576,4,"['codh2018', 'dynamic-programming', 'easy', 'graph', 'stack']"
338,28.787878787879,4,"['codh2018', 'dijkstra', 'easy', 'graph']"
339,5.57478368356,0,"['trigonometry', 'matrix-expo', 'math', 'modular-arith']"
340,3.2624113475177,0,"['divide-and-conq', 'lucas-theorem', 'math', 'fft']"
341,5.0708426547353,0,"['number-theory', 'medium-hard', 'isomorphism']"
342,29.798889665061,4,['cakewalk']
343,20.96245636532,3,"['implementation', 'math', 'simple']"
344,3.4816247582205,0,"['persistence', 'medium-hard', 'segment-tree']"
345,4.0613673601112,0,"['convex-polygon', 'constructive', 'medium']"
346,19.264599855804,3,"['dynamic-programming', 'simple', 'math']"
347,71.45717463848699,2,"['inversions', 'challenge']"
348,23.572219585509,4,"['palindrome', 'constructive', 'string', 'simple']"
349,5.1851851851852,0,"['easy-medium', 'tree-dp', 'binary-search']"
350,0.53134962805526,0,"['trie', 'persistence', 'medium-hard', 'binary-search']"
351,58.322798145807,1,['cakewalk']
352,8.6802721088435,0,"['greedy', 'bfs', 'easy', 'heaps']"
353,19.2,3,"['bipartite', 'maths', 'medium-hard', 'constructive']"
354,12.801204819277,3,"['dynamic-programming', 'medium']"
355,14.865885908575999,3,"['maths', 'easy', 'modulo']"
356,10.0,0,"['medium-hard', 'graph-theory']"
357,18.284545845889,3,"['greedy', 'easy']"
358,11.333333333333002,3,"['easy-medium', 'geometry']"
359,17.307692307692,3,"['easy-medium', 'data-structure']"
360,27.047146401985003,4,"['simple', 'sorting']"
361,56.830601092896,1,['cakewalk']
362,30.769230769231,4,"['probability', 'medium']"
363,0.0,0,"['med-hard', 'geometry']"
364,17.786561264821998,3,['simple']
365,25.490196078431,4,['easy']
366,20.0,3,"['dp+bitmask', 'medium-hard']"
367,25.0,4,"['tsp', 'hard', 'bitmask', 'dynamic-programming']"
368,0.0,0,"['convex-hull-trick', 'monte-carlo', 'hard', 'geometry']"
369,70.0,2,['cakewalk']
370,9.433962264150901,0,"['ad-hoc', 'heavy-light', 'medium']"
371,20.833333333333,3,"['geometry', 'easy']"
372,34.494773519164,4,['easy']
373,24.242424242424,4,"['dynamic-programming', 'medium']"
374,13.888888888889001,3,"['interactive', 'constructive', 'graph', 'mst']"
375,28.787878787879,4,"['easy-medium', 'constructive']"
376,12.5,3,"['number-theory', 'dfs', 'graph', 'medium']"
377,12.209302325581,3,"['easy-medium', 'binary-search']"
378,32.0,4,"['med-hard', 'data-structure']"
379,22.222222222221998,3,"['tree-dp', 'dynamic-programming', 'medium']"
380,27.040816326531,4,['simple']
381,42.857142857143,1,"['expected-value', 'matrix-expo', 'med-hard']"
382,44.0,1,"['monte-carlo', 'geometry', 'medium']"
383,76.31578947368399,2,"['easy', 'dynamic-programming']"
384,16.393442622951,3,"['2-sat', 'graphs', 'medium']"
385,71.42857142857099,2,['cakewalk']
386,57.142857142857,1,"['med-hard', 'fft']"
387,1.1452682338758,0,"['number-theory', 'hard', 'dirichlet-convolution']"
388,3.1002964426877004,0,"['medium-hard', 'killjee', 'suffix-trees']"
389,1.1966150998281,0,['medium']
390,17.516909320188,3,"['hruday968', 'cakewalk']"
391,42.038339273673,1,"['cakewalk', 'kingofnumbers']"
392,7.7250914460216995,0,"['hruday968', 'easy']"
393,12.605166782144,3,"['easy', 'dynamic-programming', 'kingofnumbers']"
394,8.6551636640447,0,"['easy', 'kingofnumbers']"
395,4.0042149631191,0,"['euclidean-algo', 'medium']"
396,16.574585635359,3,"['easy-medium', 'dynamic-programming', 'sliding-window']"
397,10.0,0,"['floyd-warshall', 'easy', 'matrix-expo']"
398,4.0,0,"['convex-hull-optimization', 'medium-hard', 'dynamic-programming']"
399,20.101781170483,3,"['ioi', 'heaps', 'cakewalk']"
400,44.208083542835,1,"['ad-hoc', 'cakewalk']"
401,9.1929824561404,0,"['observations', 'simple', 'fast-expo']"
402,11.306532663317,3,"['programming', 'dynamic', 'medium']"
403,2.8205128205128,0,"['medium-hard', 'binary-search', 'dfs', 'lca', 'inclusion-exclusion']"
404,14.516129032258,3,"['likecs', 'matrix-mul', 'medium']"
405,3.921568627451,0,"['likecs', 'hashing', 'medium-hard']"
406,4.7761194029851,0,"['likecs', 'easy-medium', 'prefix-sum', 'binary-search']"
407,17.015759026531,3,"['likecs', 'easy', 'greedy']"
408,26.685633001422,4,"['likecs', 'looping', 'cakewalk']"
409,10.395095367847,3,['dynamic-programming']
410,31.700769119141,4,['cakewalk']
411,13.554399128645999,3,['cakewalk']
412,1.9817073170732,0,['easy-medium']
413,2.5833878351864,0,"['easy', 'segment-tree']"
414,2.734375,0,"['treap', 'medium']"
415,27.397260273972996,4,"['cakewalk', 'likecs', 'sorting']"
416,11.818181818182001,3,"['easy', 'greedy', 'likecs']"
417,25.480769230769,4,"['cakewalk', 'likecs', 'sorting']"
418,6.0975609756098,0,"['dp+bitmask', 'likecs', 'medium']"
419,24.590163934426,4,"['likecs', 'medium', 'queries', 'sieve']"
420,11.742424242423999,3,"['likecs', 'medium', 'kingofnumbers']"
421,26.436781609195,4,"['scc', 'sorting', 'likecs', 'greedy', 'kingofnumbers']"
422,42.150968603874,1,"['likecs', 'looping', 'easy', 'kingofnumbers']"
423,4.878048780487799,0,"['hard', 'dynamic-programming']"
424,52.339986235375,1,"['probability', 'likecs', 'cakewalk', 'kingofnumbers']"
425,0.7826610475617101,0,"['hard', 'fft']"
426,1.1516925426317,0,['medium-hard']
427,1.1003432263275,0,"['hull', 'hard']"
428,27.495117689382,4,['cakewalk']
429,15.851834121238001,3,"['bruteforce', 'medium']"
430,3.3148319457293,0,"['medium', 'segment-tree']"
431,29.667405764966997,4,['simple']
432,4.0709126723572,0,"['dsu', 'medium']"
433,40.902544407105,1,['cakewalk']
434,55.945419103314,1,['challenge']
435,1.0822510822511,0,"['constructive', 'medium-hard']"
436,1.0050251256281,0,"['maths', 'medium-hard', 'optimization']"
437,24.768988054991997,4,['cakewalk']
438,5.1214953271028,0,"['ad-hoc', 'easy']"
439,17.746418644429998,3,"['counting', 'easy']"
440,66.567670767925,2,"['cakewalk', 'median', 'sorting']"
441,35.120014437827,4,"['two-pointers', 'simple', 'sorting']"
442,17.391304347826,3,"['medium-hard', 'fenwick-tree', 'line-sweep']"
443,5.3269468031062,0,"['easy-medium', 'dynamic-programming']"
444,9.2543249154902,0,"['greedy', 'easy']"
445,12.742003367002999,3,"['prefix-sums', 'medium']"
446,3.3301312840218,0,"['medium-hard', 'segment-tree']"
447,24.45179255134,4,"['maths', 'easy-medium', 'number-theory']"
448,46.916299559471,1,['easy']
449,41.463414634146,1,"['bit', 'math', 'hard']"
450,17.017208413002,3,['medium']
451,30.243902439024,4,"['maxflow', 'medium', 'vivek1_007', 'max']"
452,7.0821529745042,0,"['implementation', 'medium-hard', 'simulation']"
453,5.5674045745385,0,"['datastructure', 'sorting', 'medium']"
454,14.227990694256999,3,"['ad-hoc', 'greedy', 'cakewalk']"
455,37.412875253828,4,['implementation']
456,23.376623376623,3,"['numbertheory', 'math']"
457,15.367004790082,3,"['easy', 'math', 'simple-math']"
458,12.247973394305001,3,"['stl', 'greedy', 'heap', 'easy']"
459,8.3581282120638,0,"['tree-dp', 'dynamic-programming', 'easy-medium']"
460,1.5602836879433,0,"['fft', 'ntt', 'math', 'hard']"
461,42.303071906641,1,"['challenge', 'datastructres', 'kdtree']"
462,0.55555555555556,0,"['segment-tree', 'partial-sums', 'binary-search', 'dfs', 'hard']"
463,18.217281061049,3,"['two-pointers', 'easy']"
464,30.012699308593,4,"['cakewalk', 'simple-math']"
465,7.521186440678,0,"['medium', 'dfs', 'dp+trees', 'dynamic-programming']"
466,19.256756756757,3,"['graph', 'ad-hoc', 'tree', 'constructive']"
467,5.119825708061,0,"['dynamic-programming', 'bitmasks', 'easy-medium']"
468,52.647438656908996,1,"['ad-hoc', 'easy', 'constructive']"
469,7.5709779179811,0,"['stack', 'medium', 'convex', 'hull', 'geometry']"
470,52.694174757282,1,['cakewalk']
471,1.3887370147621998,0,"['number-theory', 'hard']"
472,46.420348645981996,1,['cakewalk']
473,3.933804516462701,0,"['medium', 'segment-tree']"
474,2.8021486123545003,0,"['medium-hard', 'segment-tree', 'polynomial']"
475,2.7737226277372,0,"['hard', 'heavy-light']"
476,7.0391083532597,0,['medium']
477,38.166510757717,4,['simple']
478,17.72429976534,3,['medium']
479,15.273474549478,3,['easy']
480,12.884615384615,3,"['medium', 'snckpb17', 'sorting', 'tree-dp']"
481,32.274494769703004,4,"['ad-hoc', 'easy', 'greedy', 'snckpb17']"
482,11.247161054605998,3,"['easy-medium', 'greedy', 'snckpb17']"
483,15.349311575727,3,"['bfs', 'easy-medium', 'graph-theory', 'snckpb17']"
484,29.164420485175,4,"['basic-math', 'greedy', 'proof', 'snckpb17']"
485,9.8827470686767,0,"['dsu', 'graph-theory', 'medium', 'snckpb17']"
486,16.371923427529993,3,"['easy-medium', 'geometry', 'greedy', 'snackdown', 'snckpa17', 'sorting']"
487,12.738520519299,3,"['easy', 'snackdown', 'snckpa17', 'ternary']"
488,74.585548952143,2,"['cakewalk', 'snckpa17']"
489,13.121579823935,3,"['array', 'binary-search', 'easy', 'sequence', 'snckpa17']"
490,16.770186335404,3,"['implementation', 'medium', 'snackdown', 'snckpa17']"
491,17.560975609756,3,"['dfs', 'easy', 'snackdown', 'snckpa17']"
492,38.109161793372,4,"['implementation', 'strings', 'easy']"
493,12.041884816754001,3,"['lca', 'dfs', 'easy-medium']"
494,2.3255813953488,0,"['medium-hard', 'persistence', 'segment-tree', 'hashes']"
495,0.38759689922481,0,"['medium-hard', 'segment-tree']"
496,70.999346832136,2,['cakewalk']
497,20.423183072677,3,"['prime-factorization', 'easy', 'simple-math']"
498,4.2553191489362,0,"['easy-medium', 'queue']"
499,16.463414634145998,3,"['medium', 'euler-tour', 'hashing']"
500,38.926497578,4,"['cakewalk', 'implementation', 'snckql17', 'string']"
501,5.620864839319498,0,"['binary-search', 'easy', 'snckql17', 'sorting', 'vivek1_007']"
502,51.38258897418,1,"['array', 'cakewalk', 'simple-math', 'snckql17']"
503,12.866497059682,3,"['easy', 'grid', 'implementation', 'snckql17']"
504,15.151515151515,3,"['binary-search', 'searching']"
505,51.29411764705901,1,"['bitm2017', 'cakewalk']"
506,22.689075630252,3,"['geometry', 'map', 'medium', 'sets']"
507,12.222222222222,3,"['medium', 'segment-tree']"
508,86.574074074074,2,"['bitm2017', 'easy', 'sorting', 'vectors']"
509,5.2152211387552,0,['long-contest']
510,34.649484036626,4,['long-contest']
511,40.358773646444995,1,['long-contest']
512,41.734308446515996,1,['long-contest']
513,6.0033966586358,0,['long-contest']
514,9.6741292263756,0,['long-contest']
515,2.3713128976287003,0,"['tree-dp', 'hld', 'convex-hull']"
516,7.9584775086505,0,"['medium', 'ad-hoc', 'bfs']"
517,5.0,0,"['bst', 'easy-medium', 'partial-sums']"
518,1.4525139664804,0,"['divide-and-conquer', 'medium-hard', 'sqrt', 'sets']"
519,53.043478260869996,1,"['cakewalk', 'linear-search']"
520,1.1844331641286,0,"['medium', 'segment-tree']"
521,1.1904761904762,0,"['medium-hard', 'geometry']"
522,35.071090047393,4,"['dp+bitmask', 'easy']"
523,72.131147540984,2,['cakewalk']
524,33.757961783439,4,['simple']
525,9.878419452887501,0,"['medium', 'segment-tree']"
526,28.558605729673,4,['greedy']
527,8.1169312954444,0,"['graph-theory', 'easy']"
528,60.15252621544301,1,['challenge']
529,38.253968253968,4,"['likecs', 'looping']"
530,16.396396396396,3,"['priority', 'easy']"
531,7.547169811320798,0,"['matrix-expo', 'modular-arith']"
532,2.0833333333333,0,"['likecs', 'derivative', 'arithmetic', 'hard']"
533,22.222222222221998,3,"['medium', 'modular-arith']"
534,16.0,3,"['medium-hard', 'auxiliary-tree']"
535,59.617635583301,1,['cakewalk']
536,57.718120805369,1,"['flood_fill_algorithm', 'simple', 'dfs', 'graph']"
537,7.894736842105299,0,"['dynamic-programming', 'medium']"
538,0.25252525252525004,0,"['shortest-path', 'floyd-warshall', 'hard']"
539,27.829698857736002,4,"['bruteforce', 'easy', 'string']"
540,71.698113207547,2,"['medium-hard', 'bitmasks', 'digit-dp']"
541,49.775784753363,1,"['medium', 'expected-value']"
542,20.0,3,"['divide-and-conq', 'interactive', 'hard']"
543,55.439330543933,1,"['greedy', 'easy-medium', 'graph']"
544,5.5011303692540015,0,"['binary-search', 'easy']"
545,7.3563990594558,0,"['dp+bitmask', 'tree', 'medium', 'dynamic-programming', 'dfs']"
546,1.2912151256629,0,"['hard', 'graph', 'divide-and-conq', 'geometry']"
547,25.149700598802,4,"['dynamic-programming', 'tree', 'hard']"
548,47.764572722128,1,"['basic-prog', 'cakewalk']"
549,14.520688768954,3,"['medium', 'sprague-grundy', 'game-theory', 'segment-tree']"
550,38.04073595471,4,"['simple', 'sorting']"
551,6.1497326203209015,0,"['hard', 'interactive']"
552,77.632830547629,2,"['challenge', 'dynamic-programming', 'optimization']"
553,48.612562405666,1,"['simple', 'basic-prog', 'matrix']"
554,10.295769374766001,3,"['binary-search', 'easy']"
555,37.561942517344,4,['cakewalk']
556,7.1301247771836,0,"['dynamic-programming', 'two-pointers', 'medium']"
557,11.194029850746,3,['medium-hard']
558,55.721174923279,1,['cakewalk']
559,9.1304347826087,0,"['medium', 'game-theory', 'ad-hoc']"
560,25.581395348837,4,"['medium-hard', 'two-pointers', 'gauss-elim']"
561,19.039869812856,3,['simple']
562,10.607621009269,3,['easy-medium']
563,6.4867935245669015,0,"['maths', 'stl']"
564,6.2275289626703,0,"['ad-hoc', 'implementation']"
565,3.864406779661,0,"['dynamic-programming', 'geometry', 'easy']"
566,28.226887003126002,4,"['basic-prog', 'cakewalk', 'sets']"
567,3.726708074534201,0,"['medium-hard', 'permutation']"
568,5.0909090909091,0,"['medium-hard', 'segment-tree', 'range-queries']"
569,6.222222222222201,0,"['dp+bitmask', 'easy-medium', 'lis']"
570,3.0612244897959,0,"['fractals', 'maths', 'easy-medium', 'bitwise-operatn']"
571,11.165048543689,3,"['ad-hoc', 'easy', 'math', 'median']"
572,59.322033898304994,1,"['cakewalk', 'lis', 'constructive']"
573,0.0,0,"['medium-hard', 'fractals', 'dynamic-programming', 'math']"
574,41.875825627477,1,"['basic-prog', 'cakewalk']"
575,31.63097199341,4,"['binary-search', 'easy', 'maths']"
576,13.207547169811,3,"['easy-medium', 'primenumbers', 'segment-tree', 'sieve']"
577,21.071428571429,3,"['easy-medium', 'euclidean', 'maths', 'number-theory']"
578,37.735849056603996,4,"['bfs', 'easy-medium', 'expected-value', 'tree']"
579,14.942528735632,3,"['dfs', 'easy', 'union-find']"
580,9.022556390977401,0,"['dp+bitmask', 'sprague-grundy']"
581,22.222222222221998,3,['dynamic-programming']
582,74.074074074074,2,['easy-medium']
583,42.222222222222,1,"['simple-easy', 'string', 'tejaram15']"
584,13.454634865994999,3,"['heap', 'tree', 'data-structure', 'simple', 'sorting', 'sets']"
585,16.797027766914,3,"['ad-hoc', 'cakewalk']"
586,3.3917682926829,0,"['medium-hard', 'knapsack', 'ad-hoc', 'dynamic-programming']"
587,4.1315345699831,0,"['fft', 'mobius_function', 'primitive-root', 'number-theory', 'hard']"
588,5.0542045121594015,0,"['line-sweep', 'medium', 'geometry', 'binary-search']"
589,1.7741681122851003,0,"['data-structure', 'four-square', 'segment-tree', 'lagrange']"
590,6.8308034061459,0,"['medium', 'dynamic-programming', 'ad-hoc', 'gcd']"
591,17.976904845948,3,"['simple', 'ad-hoc']"
592,3.7090500822006,0,"['eulerian', 'graph', 'easy']"
593,50.717703349282,1,"['bruteforce', 'cakewalk']"
594,85.034013605442,2,"['bruteforce', 'cakewalk']"
595,23.064918851436,3,"['basic-prog', 'cakewalk']"
596,7.1619217081850985,0,"['line-sweep', 'simple', 'sorting']"
597,2.3017902813299,0,"['kruskal', 'medium', 'mst', 'graph']"
598,1.1834319526627,0,"['link-cut-tree', 'medium-hard', 'treap', 'tree']"
599,13.559322033898,3,"['dynamic-programming', 'medium']"
600,54.333333333332995,1,"['cakewalk', 'bitwise']"
601,9.6774193548387,0,"['binary-search', 'hard']"
602,0.0,0,['hard']
603,17.127071823204,3,"['medium', 'number-theory', 'modular-arith']"
604,10.619469026549,3,"['easy', 'string']"
605,0.0,0,"['geometry', 'integrals', 'hard']"
606,33.787465940054,4,"['easy', 'binary']"
607,14.285714285713999,3,"['graph', 'hard']"
608,22.5,3,"['dynamic-programming', 'geometry']"
609,51.646447140381,1,"['bitf2016', 'easy', 'stack']"
610,47.672778561354,1,"['bit', 'bitf2016', 'easy', 'manipulation', 'xor']"
611,11.631419939577,3,"['bitf2016', 'bubblesort', 'easy']"
612,1.7064846416382,0,"['bitf2016', 'dynamic-programming', 'medium', 'stacks']"
613,3.7296037296037,0,"['bitf2016', 'dynamic-programming', 'medium']"
614,11.332007952286,3,"['amr16', 'binary-search', 'easy', 'icpc2016', 'sorting']"
615,50.0,1,"['amr16', 'icpc2016']"
616,50.0,1,"['amritapuri', 'graph', 'union-find']"
617,37.623762376238,4,"['amr16', 'icpc2016']"
618,17.985611510791,3,"['amr16', 'amr16mos', 'icpc2016']"
619,20.454545454545,3,"['amr16', 'icpc2016']"
620,43.57912178956101,1,"['bruteforce', 'bitmasks', 'cakewalk']"
621,13.751087902523999,3,"['easy', 'linear-search', 'bitwise']"
622,5.0445103857567,0,"['easy-medium', 'query']"
623,0.0,0,"['geometry', 'ad-hoc', 'hard']"
624,7.0,0,"['fft', 'medium']"
625,7.1428571428571,0,"['dynamic-programming', 'icpc16', 'vijju123']"
626,3.030303030303,0,"['geometry', 'icpc16', 'point_in_polygon', 'mathspuzzle']"
627,2.5641025641026003,0,"['implementation', 'greedy', 'icpc16']"
628,11.111111111110999,3,"['array', 'constructive', 'icpc16', 'looping']"
629,12.529002320186,3,"['programming', 'dynamic-programming', 'dynamic', 'icpc16']"
630,0.0,0,"['bfs', 'brute-force', 'pre-processing', 'probability', 'binary-search', 'expected-value', 'icpc16']"
631,15.789473684210998,3,"['graph-theory', 'mincut-maxflow', 'bellman-ford']"
632,7.8632478632479,0,"['maxflow', 'matching', 'hamiltonian', 'hopcroft-karp']"
633,1.4202383971595,0,"['fenwick-tree', 'dynamic-programming', 'sereja', 'analysis']"
634,59.217243335224,1,['cakewalk']
635,7.3610415623435,0,"['number-theory', 'prime']"
636,6.4516129032258,0,"['dynamic-programming', 'geometry']"
637,6.3636363636364015,0,"['lca', 'medium-hard', 'tree']"
638,1.186943620178,0,"['medium-hard', 'sieve', 'bitwise']"
639,2.8066528066528,0,"['easy-medium', 'modular-arith']"
640,21.112515802781,3,"['ad-hoc', 'cakewalk']"
641,45.454545454545,1,"['medium', 'backtracking']"
642,13.392857142857,3,"['easy-medium', 'union-find']"
643,20.651032551628,3,"['fast-expo', 'easy']"
644,15.807860262009001,3,"['medium', 'dfs', 'tree']"
645,7.0588235294118,0,"['line-sweep', 'medium', 'segment-tree']"
646,12.806577480490999,3,"['dynamic-programming', 'easy', 'kmp']"
647,5.549898167006099,0,"['medium-hard', 'divide-and-conq', 'tree']"
648,38.156424581006,4,"['simple', 'basic-prog']"
649,3.804347826087,0,"['maths', 'matrix-expo', 'hard']"
650,1.2878787878788,0,"['dynamic-programming', 'matrix-expo', 'hard']"
651,17.121227313747,3,"['simple', 'basic-prog', 'lcm']"
652,1.4739229024943,0,"['recursion', 'divide-and-conq']"
653,2.6988636363636,0,"['dynamic-programming', 'bits']"
654,22.167950403908,3,['cakewalk']
655,2.4299065420561,0,['medium']
656,18.827930174564,3,"['binary-search', 'easy-medium']"
657,57.722477684609004,1,"['simple', 'logic', 'sorting']"
658,3.1042128603104,0,"['fft', 'medium-hard', 'divide-and-conq']"
659,48.163265306122,1,"['cakewalk', 'sorting']"
660,16.25,3,"['medium', 'two-pointers', 'segment-tree']"
661,65.088419851683,2,"['simple', 'simulation', 'easy']"
662,18.143459915612,3,"['medium', 'number-theory']"
663,0.0,0,"['graph-sqrt', 'graph', 'tree', 'hard']"
664,41.891891891892,1,"['medium-hard', 'bitmasks', 'dynamic-programming']"
665,64.994026284349,2,"['simple', 'conversion', 'strings']"
666,36.893203883495005,4,"['kadane', 'maximum', 'maxsum', 'dynamic-programming', 'maximum-sum', 'easy']"
667,59.444444444443995,1,"['basic-prog', 'nplq1602', 'string']"
668,14.814814814815,3,"['bfs', 'dynamic-programming', 'memoization', 'nplq1602']"
669,16.447368421053,3,"['binary-search', 'fenwick-tree', 'nplq1602', 'segment-tree', 'suffix']"
670,37.719298245614,4,"['array', 'basic-prog', 'nplq1602']"
671,30.0,4,"['easy-medium', 'nplq1601', 'strings', 'trie']"
672,8.3333333333333,0,"['lis', 'nplq1602', 'subset']"
673,12.585034013605002,3,"['easy-medium', 'game', 'grundy', 'numbers', 'theory']"
674,53.510638297872,1,"['basic-prog', 'sorting']"
675,9.523809523809499,0,"['maths', 'nplq1601', 'number-theory']"
676,41.538461538462,1,"['graphs', 'lazy', 'nplq1601', 'or', 'propagation', 'segment', 'tree']"
677,50.99337748344401,1,"['implementation', 'nplq1601']"
678,0.0,0,"['bipartite', 'edge-cover', 'graphs', 'prime']"
679,68.508997429306,2,"['cakewalk', 'nplq1601']"
680,2.9951690821256,0,"['dynamic-programming', 'medium']"
681,26.509124941507,4,"['loop', 'cakewalk', 'factorization', 'simple-math']"
682,2.4510301431036003,0,['chasethered']
683,14.235831318829,3,"['easy', 'bit']"
684,25.998753329178,4,"['simple', 'symmetry', 'trigonometry']"
685,1.9812680115274,0,"['dynamic-programming', 'matrix-expo', 'medium-hard']"
686,6.5855008301051,0,"['dynamic-programming', 'easy']"
687,1.8162393162393,0,"['binary-search', 'dynamic-programming', 'hard']"
688,0.6484483557202401,0,"['convex-hull', 'random', 'convex', 'geometry', 'hard']"
689,3.8461538461538,0,"['data-structure', 'medium-hard', 'segment-tree']"
690,100.0,2,"['graph', 'hard', 'maxflow', 'mincut-maxflow']"
691,19.69696969697,3,"['dp+bitmask', 'graph']"
692,25.547445255474,4,"['dijkstra', 'easy-medium', 'graph', 'shortest-path']"
693,25.0,4,['greedy']
694,17.021276595745,3,"['data-structure', 'medium-hard', 'segment-tree']"
695,15.384615384615,3,"['graph', 'hard', 'maxflow', 'mincut-maxflow']"
696,35.802469135802,4,"['dp+bitmask', 'graph']"
697,32.142857142857,4,"['dijkstra', 'easy-medium', 'graph', 'shortest-path']"
698,38.775510204081996,4,['greedy']
699,18.75,3,"['easy', 'ipc15flb', 'sorting']"
700,18.181818181818,3,"['dynamic-programming', 'ipc15flb', 'medium']"
701,3.2258064516129,0,"['ipc15flb', 'medium', 'segment-tree']"
702,48.453608247423,1,"['easy', 'ipc15flb', 'sorting']"
703,31.25,4,"['dynamic-programming', 'ipc15flb', 'medium']"
704,45.454545454545,1,"['ipc15flb', 'medium', 'segment-tree']"
705,29.802955665025,4,"['easy', 'kjcs16', 'modulo', 'strings']"
706,68.965517241379,2,"['dynamic-programming', 'graph', 'kjcs16']"
707,14.4,3,['bitwise']
708,22.727272727273,3,['dynamic-programming']
709,15.47619047619,3,"['easy', 'implementation', 'ipc15amr']"
710,0.0,0,"['graphs', 'hard', 'maxflow']"
711,30.882352941176,4,"['binary-search', 'dfs', 'tree']"
712,33.333333333333,4,"['inclusn-exclusn', 'mobius_function', 'number-theory']"
713,15.0,3,"['dfs', 'ipc15amr', 'medium']"
714,53.90625,1,['bitwise']
715,25.0,4,['dynamic-programming']
716,35.616438356164,4,"['easy', 'implementation', 'ipc15amr']"
717,0.0,0,"['graphs', 'hard', 'maxflow']"
718,26.530612244898,4,"['binary-search', 'dfs', 'tree']"
719,20.689655172414,3,"['inclusn-exclusn', 'mobius_function', 'number-theory']"
720,11.627906976744,3,"['dfs', 'ipc15amr', 'medium']"
721,19.922905254616,3,"['basic-math', 'cakewalk']"
722,0.59171597633136,0,"['geometry', 'ad-hoc', 'easy', 'math']"
723,2.5236593059937005,0,"['binary-search', 'medium', 'meet-in-middle']"
724,3.4990791896869,0,"['lca', 'tree', 'optimization', 'medium', 'xor']"
725,20.435510887772,3,"['array', 'medium', 'traversal']"
726,64.83353151010701,2,"['ad-hoc', 'cakewalk']"
727,16.730401529637,3,"['dynamic-programming', 'easy']"
728,18.976897689769,3,"['dynamic-programming', 'medium']"
729,8.4210526315789,0,"['dynamic-programming', 'graph', 'hard']"
730,24.825986078886,4,"['medium', 'geometry', 'math']"
731,37.209302325581,4,"['dynamic-programming', 'easy']"
732,5.8139534883721,0,['suffix-array']
733,19.987623762376,3,"['mnnit', 'ad-hoc']"
734,22.12389380531,3,"['dp+bitmask', 'mnnit']"
735,41.052631578947,1,"['lca', 'mnnit', 'insq16', 'bridges']"
736,20.134874759152,3,['ad-hoc']
737,13.207547169811,3,"['mnnit', 'dp+probability']"
738,7.1428571428571,0,"['line-sweep', 'mnnit', 'geometry']"
739,25.0,4,"['number-theory', 'mnnit', 'min-cost-flow']"
740,6.4126863785696,0,"['bipartite', 'easy']"
741,4.1643808288863,0,"['medium', 'segment-tree']"
742,31.558988764045,4,"['ad-hoc', 'cakewalk', 'string']"
743,42.56625727214,1,"['ad-hoc', 'easy', 'string']"
744,2.3005565862709,0,['medium-hard']
745,10.275530839232,3,"['medium', 'list']"
746,19.086880346285,3,"['basic-math', 'ad-hoc', 'easy', 'bitset']"
747,5.490848585690499,0,"['mincut-maxflow', 'hard']"
748,47.71059954465,1,"['implementation', 'cakewalk', 'strings']"
749,2.317880794702,0,"['shortest-path', 'easy-medium', 'graph', 'bellman-ford']"
750,4.5454545454545,0,"['lca', 'medium', 'union-find', 'tree']"
751,4.9110320284698,0,"['simple-easy', 'dynamic-programming', 'recursion', 'memoization']"
752,1.5957446808511,0,"['easy-medium', 'constructive', 'gcd']"
753,30.565823144726,4,"['cakewalk', 'game-theory', 'parity']"
754,13.382899628253,3,"['maths', 'easy-medium']"
755,13.636363636363999,3,"['medium', 'catalan']"
756,16.666666666667,3,"['medium-hard', 'data-structure', 'segment-tree', 'qeahea']"
757,56.26102292769,1,"['ad-hoc', 'cakewalk', 'proc2016']"
758,6.1354581673307,0,"['array', 'easy', 'proc2016']"
759,12.307692307692001,3,"['bfs', 'bitmasks', 'easy-medium', 'graphs', 'proc2016']"
760,1.4814814814815,0,"['bit', 'medium', 'offline', 'proc2016']"
761,5.1282051282050976,0,"['medium-hard', 'proc2016', 'segment-tree']"
762,0.0,0,"['dfs-order', 'hard', 'proc2016', 'tree']"
763,11.320754716981002,3,"['ad-hoc', 'easy', 'gsts2016']"
764,5.9279525763794005,0,['easy']
765,76.498204915769,2,"['challenge', 'researching']"
766,6.9996858309771,0,"['prefix-sum', 'easy']"
767,30.612474667868,4,['cakewalk']
768,9.183513555869,0,"['simple', 'graph']"
769,5.3319919517103,0,"['medium', 'bitset']"
770,7.1768266320795,0,"['medium', 'sweepline', 'segment-tree']"
771,4.1206030150754,0,"['binary-search', 'hard']"
772,4.0423484119346,0,"['heavy-light', 'segment-tree', 'hard']"
773,1.993154821824,0,"['medium-hard', 'submask-sum']"
774,3.0927835051546,0,"['dp+bitmask', 'dynamic-programming', 'hard']"
775,38.519706691109,4,"['ad-hoc', 'cakewalk']"
776,13.117811625738002,3,"['greedy', 'easy']"
777,2.3890784982935,0,"['optimization', 'lunchtime', 'data-structure', 'mo-algorithm']"
778,18.914845516202,3,"['easy', 'factors', 'proc1601']"
779,17.90017211704,3,"['easy', 'modulo', 'proc1601']"
780,50.778070385444,1,"['simple', 'ad-hoc']"
781,49.323867478025996,1,"['ad-hoc', 'easy']"
782,17.181208053691,3,"['easy-medium', 'graph', 'bfs']"
783,6.9984447900467,0,"['medium', 'segment-tree']"
784,30.612244897959,4,"['gauss-elim', 'permutation', 'probability', 'expected-value', 'hard']"
785,11.278195488722,3,"['input', 'math', 'processing']"
786,24.773960216998,4,"['input', 'math', 'processing']"
787,25.629526155203,4,"['basic-prog', 'cakewalk']"
788,8.3854818523154,0,"['dynamic-programming', 'medium']"
789,8.2377763507935,0,"['simple', 'simple-math']"
790,3.0533315239517003,0,"['medium', 'maths', 'digit-dp']"
791,0.94339622641509,0,"['fft', 'simple']"
792,10.59806161847,3,"['easy', 'bfs']"
793,12.551394845042,3,"['simple', 'greedy']"
794,2.4520255863539,0,"['burnside', 'hard']"
795,3.4754098360656,0,"['kernel-polygon', 'hard']"
796,69.38110749185701,2,"['challenge', 'greedy', 'randomized']"
797,38.55748373102,4,"['simple', 'greedy']"
798,39.66588966589,4,"['binary-search', 'easy']"
799,14.965986394558001,3,"['easy-medium', 'bitwise-operatn']"
800,5.3388090349076,0,"['medium-hard', 'graph', 'bridges']"
801,6.6997518610422,0,"['medium', 'bitwise-operatn', 'segment-tree']"
802,32.537088257480995,4,"['basic-implement', 'cakewalk']"
803,52.376085845682,1,"['simple', 'basic-graph', 'trial-error']"
804,1.9286567673664,0,"['medium', 'number-theory']"
805,4.2813455657492,0,"['subtree-sum', 'lca', 'med-hard']"
806,12.623762376238,3,"['cross-product', 'medium', 'segment-tree', 'snckel16']"
807,11.133360032038,3,"['dynamic-programming', 'easy', 'snckel16']"
808,17.303474546924,3,"['modulo-ops', 'simple', 'snckel16']"
809,15.909090909091,3,"['dynamic-programming', 'lca', 'medium-hard', 'snckel16']"
810,16.666666666667,3,"['binary-search', 'lca', 'snckel16']"
811,12.336601307189998,3,"['arithmetic', 'simple', 'snckel16']"
812,9.090909090909099,0,"['medium-hard', 'range-tree', 'snckel16']"
813,8.908045977011499,0,"['dynamic-programming', 'easy-medium', 'prime-factor', 'snckel16']"
814,46.732026143790996,1,"['dynamic-programming', 'easy-medium', 'snckel16']"
815,5.699481865285,0,"['greedy', 'simple', 'snckpb16']"
816,9.090909090909099,0,"['easy', 'greedy', 'snckpb16']"
817,12.5,3,"['lis', 'medium', 'snckpb16']"
818,22.222222222221998,3,"['bfs', 'dfs', 'memoization', 'snckpb16', 'tree']"
819,6.25,0,"['medium', 'segment-tree', 'snckpb16']"
820,20.700636942675,3,"['loop', 'simple', 'snckpb16']"
821,3.4082106893881,0,"['greedy', 'simple', 'snckpb16']"
822,6.1143984220907,0,"['easy', 'greedy', 'snckpb16']"
823,9.5100864553314,0,"['lis', 'medium', 'snckpb16']"
824,7.5757575757576,0,"['bfs', 'dfs', 'memoization', 'snckpb16', 'tree']"
825,0.7117437722419899,0,"['medium', 'segment-tree', 'snckpb16']"
826,14.23835571026,3,"['loop', 'simple', 'snckpb16']"
827,8.2063711911357,0,"['algebra', 'medium', 'series', 'snckpa16']"
828,42.347843214497,1,"['cakewalk', 'loops', 'snckpa16']"
829,15.317762085823,3,"['dynamic-programming', 'lis', 'medium', 'snckpa16', 'subsequence']"
830,16.694106025683,3,"['euclids-algo', 'gcd', 'snckpa16', 'bezout-identity', 'simple']"
831,64.29172982988001,2,"['ad-hoc', 'dynamic-programming', 'easy', 'palindrome', 'snckpa16', 'strings']"
832,9.056122448979599,0,"['activity-selection', 'binary-search', 'greedy', 'jump-pointer', 'medium', 'snckpa16']"
833,27.233020310110998,4,"['easy', 'simple-math']"
834,8.0727812848125,0,"['dynamic-programming', 'partial-sums', 'medium']"
835,60.734463276836,1,['challenge']
836,7.3556150616549,0,['easy']
837,32.918177518524,4,"['easy', 'binay-ops']"
838,40.321384425215996,1,"['simple', 'finding-pattern', 'game-theory']"
839,3.076859195283,0,"['log', 'medium']"
840,49.215076322072,1,"['cakewalk', 'basic-maths']"
841,1.5775034293553,0,"['tree-dp', 'hard']"
842,19.428571428571,3,['number-theory']
843,37.920298879203,4,['greedy']
844,4.9180327868852,0,"['dynamic-programming', 'strings']"
845,10.758620689655,3,['implementation']
846,52.22483559737,1,"['array', 'cakewalk', 'loop', 'snckql16']"
847,19.728106228264,3,"['easy', 'sprague-grundy', 'game-theory', 'snckql16']"
848,10.848400556328,3,"['easy', 'greedy-algo', 'snckql16', 'strings']"
849,8.590094464553701,0,"['maxsum', 'medium', 'snckql16']"
850,18.720334156066002,3,['cakewalk']
851,0.0,0,"['dynamic-programming', 'recursion', 'medium-hard']"
852,10.769230769231,3,"['enumeration', 'pdn', 'backtracking', 'easy']"
853,1.5625,0,"['medium-hard', 'rmq', 'lcp', 'suffix-array', 'segment-tree', 'string-hashing']"
854,8.045977011494301,0,"['bfs', 'union-find', 'easy-medium', 'dfs', 'dual-graph']"
855,8.6813186813187,0,"['dynamic-programming', 'number-theory']"
856,2.5435073627845,0,"['range-tree', 'funtional-ds', 'segment-tree', 'hard']"
857,7.4780976220275,0,"['dynamic-programming', 'recursion', 'easy-medium', 'meet-in-middle']"
858,55.715974332996,1,"['simple', 'logic']"
859,4.676340367773,0,"['binary-search', 'easy']"
860,5.2316890881913,0,"['enumeration', 'dynamic-programming']"
861,53.187613843352004,1,"['challenge', 'travel-salesman']"
862,19.344308827704,3,"['dynamic-programming', 'easy']"
863,41.321555581049,1,"['loop', 'cakewalk', 'int-div']"
864,5.5222088835534,0,"['medium-hard', 'biginteger', 'garner-algo', 'chinese-rem', 'dynamic-programming', 'matrix-expo']"
865,5.3250773993808,0,"['implementation', 'data-structure', 'greedy', 'sorting', 'data']"
866,8.1395348837209,0,"['data-structure', 'queries', 'tree', 'segment']"
867,5.8823529411765,0,"['implementation', 'memoization', 'dynamic-programming', 'medium']"
868,58.30164765526,1,"['sqrt', 'mathematics', 'implementation', 'binary-search', 'cakewalk']"
869,35.251798561151,4,"['easy', 'hashing', 'learnersclub', 'sorting', 'ssc2016']"
870,20.638820638821002,3,"['dfs', 'graph', 'tree']"
871,13.905133203379,3,"['mathematics', 'maths', 'derangement', 'counting']"
872,9.153318077803199,0,"['rabin-karp', 'kmp', 'z-algorithm']"
873,63.973799126638,2,['cakewalk']
874,29.505361466620997,4,"['simple', 'sum', 'divisors']"
875,28.477690288713998,4,"['lca', 'easy']"
876,12.676056338028,3,['medium']
877,25.641025641026,4,['medium-hard']
878,11.261261261261001,3,"['dmnt2016', 'medium', 'mo-algorithm']"
879,20.8,3,"['dmnt2016', 'simple']"
880,17.557251908397,3,"['ad-hoc', 'dmnt2016', 'easy-medium']"
881,17.171717171717,3,"['dmnt2016', 'dynamic-programming', 'medium']"
882,2.4924471299094,0,"['medium', 'jump-pointer', 'tree']"
883,7.9462102689487,0,"['graphs', 'treaps', 'segment-tree', 'hard']"
884,19.261637239165,3,"['simple', 'fastmodexp']"
885,8.660409556314,0,"['medium', 'fibonacci', 'segment-tree']"
886,1.6393442622951,0,"['hard', 'chinese-rem', 'modular-inv', 'binomial']"
887,27.868658831867,4,['simple']
888,4.7763074984247,0,"['easy-medium', 'hamming-dist', 'arithmetic']"
889,22.558227916825,3,"['simple', 'hamiltonian']"
890,51.856922813623,1,['cakewalk']
891,6.074766355140199,0,"['dijkstra', 'medium', 'floyd-warshall']"
892,7.2494669509595004,0,"['dynamic-programming', 'medium-hard', 'data-structure']"
893,43.146718146717994,1,"['cakewalk', 'sorting']"
894,5.1567944250870985,0,"['easy-medium', 'ad-hoc']"
895,9.3457943925234,0,"['matching', 'dp+bitmask', 'medium-hard', 'edge-cover']"
896,69.056897895557,2,"['cakewalk', 'string-process']"
897,26.165803108808,4,"['nim', 'game-theory', 'easy', 'parity-obsv']"
898,38.695478191277,4,"['dynamic-programming', 'simple']"
899,9.8837209302326,0,"['medium', 'geometry', 'two-pointers', 'convex-hull']"
900,36.734693877550995,4,"['array', 'dfs', 'dynamic-programming', 'easy-medium', 'flfi2016', 'tree']"
901,0.0,0,"['array', 'flfi2016', 'hard', 'stock-span']"
902,14.285714285713999,3,"['medium-hard', 'number-theory', 'lucas-theorem', 'flfi2016']"
903,5.5555555555556,0,"['flfi2016', 'implementation', 'medium-hard']"
904,22.222222222221998,3,"['array', 'flfi2016', 'implementation', 'medium', 'medium-hard']"
905,5.3097345132743,0,"['cobl2016', 'medium-hard', 'mo-algorithm', 'segment-tree']"
906,25.675675675675997,4,"['ad-hoc', 'cobl2016', 'simple']"
907,16.351118760757,3,"['ad-hoc', 'cobl2016', 'easy', 'sorting', 'sweg', 'swegwan']"
908,20.224719101124002,3,"['cobl2016', 'medium', 'queue', 'segment-tree', 'sweg', 'swegwan']"
909,17.021276595745,3,"['cobl2016', 'easy', 'math', 'sweg', 'swegwan']"
910,55.605381165919,1,"['cakewalk', 'implementation', 'inlo2016', 'maths']"
911,23.577235772357998,4,"['bfs', 'graph-theory', 'inlo2016', 'medium-hard']"
912,29.01023890785,4,"['easy', 'implementation', 'inlo2016', 'logic']"
913,11.353211009173998,3,"['medium-hard', 'number-theory', 'inlo2016']"
914,10.384615384615001,3,"['inlo2016', 'medium-hard', 'number-theory']"
915,15.286624203822,3,"['cdwr2016', 'easy', 'math']"
916,12.727272727272995,3,"['cdwr2016', 'easy', 'simple']"
917,1.7241379310345,0,"['cdwr2016', 'easy']"
918,40.650406504064996,1,"['cdwr2016', 'easy', 'math']"
919,45.833333333332995,1,"['cdwr2016', 'easy', 'hashing', 'simple']"
920,24.0,4,"['cdwr2016', 'easy', 'math']"
921,21.052631578947,3,"['bit', 'cdwr2016', 'easy']"
922,22.5,3,"['cdwr2016', 'easy']"
923,24.489795918367,4,"['algophobic', 'alph2016', 'implemenatation']"
924,25.274725274725,4,"['algophobic', 'alph2016', 'easy']"
925,32.352941176471,4,"['algophobic', 'alph2016', 'dynamic-programming']"
926,0.0,0,"['algophobic', 'alph2016', 'maxflow', 'medium-hard']"
927,9.375,0,"['cocr16', 'fibonacci', 'medium', 'recursion']"
928,25.581395348837,4,"['cocr16', 'factorial', 'medium']"
929,11.111111111110999,3,"['cocr2016', 'medium']"
930,26.153846153846,4,"['cocr2016', 'medium']"
