,Unnamed: 0,accuracy,contest_code,problem_code,successful_submissons,tags
0,0,26.530612244898,ICOP1902,LONVIJJU,13.0,"['easy-medium', 'dp+trees']"
1,0,20.192307692308,ICOP1902,TARITAR,19.0,"['easy', 'euler-tour']"
2,0,25.396825396824998,ICOP1902,TIMPLEM,46.0,"['prime', 'prefix-sum', 'simple']"
3,0,28.346456692912998,ICOP1902,VIJJUPAR,36.0,"['easy', 'dynamic-programming']"
4,0,40.769230769231,LTIME63B,EID,2444.0,"['greedy', 'sorting']"
5,0,46.173800259403,LTIME63B,PROBSET,1741.0,['implementation']
6,0,10.271317829457,LTIME63B,JAGAM,207.0,"['ad-hoc', 'game']"
7,0,1.271186440678,LTIME63B,GHMC,3.0,['greedy']
8,0,90.58295964125601,LTIME63A,EID,401.0,"['greedy', 'sorting']"
9,0,46.153846153846,LTIME63A,PROBSET,6.0,['implementation']
10,0,21.031426269138,LTIME63A,JAGAM,252.0,"['ad-hoc', 'game']"
11,0,3.7414965986395003,LTIME63A,GHMC,21.0,['greedy']
12,0,15.057332528666,COOK97B,MIXGA,960.0,['game-theory']
13,0,0.0,COOK97B,HACKFU,0.0,"['greedy', 'constructive', 'median']"
14,0,6.6996402877698,COOK97B,GUZAC,144.0,"['greedy', 'math']"
15,0,0.0,COOK97B,NQNF,0.0,"['convex-hull-trick', 'medium-hard']"
16,0,0.0,COOK97B,STTT,0.0,"['bitmasking', 'dynamic-programming']"
17,0,25.688263299524003,COOK97B,BFTT,1164.0,['bruteforce']
18,0,32.745314222712004,COOK97A,MIXGA,290.0,['game-theory']
19,0,5.5555555555556,COOK97A,HACKFU,9.0,"['greedy', 'constructive', 'median']"
20,0,30.949105914717997,COOK97A,GUZAC,219.0,"['greedy', 'math']"
21,0,12.5,COOK97A,NQNF,1.0,"['convex-hull-trick', 'medium-hard']"
22,0,26.666666666667,COOK97A,STTT,4.0,"['bitmasking', 'dynamic-programming']"
23,0,37.5,COOK97A,BFTT,6.0,['bruteforce']
24,0,47.596153846154,KQM52018,QM10P5A,97.0,['externalcontest']
25,0,7.7922077922078,KQM52018,QM10P5B,12.0,['externalcontest']
26,0,44.240837696335,ENAU2018,GRDPRTY,111.0,"['encoding', 'horsbug98', 'maths']"
27,0,15.625,ENAU2018,PLYNUM,10.0,"['bfs', 'encoding', 'graph', 'horsbug98']"
28,0,37.974683544304,ENAU2018,MISKEY,30.0,"['ad-hoc', 'apamit11', 'horsbug98', 'programming']"
29,0,26.573426573427,ENAU2018,CHFJB,38.0,"['encoding', 'horsbug98', 'primes']"
30,0,34.345351043643,ENAU2018,ARRPROB,176.0,"['array', 'dshahid380', 'encoding', 'horsbug98']"
31,0,50.0,ENAU2018,KNGPRB,7.0,"['dijkstra', 'encoding', 'graph', 'horsbug98', 'implementation']"
32,0,49.003984063745,ENAU2018,ACTNBM,240.0,"['implementation', 'condition', 'encoding', 'horsbug98']"
33,0,0.2349716075974201,AUG18B,PRINDRAG,7.0,"['likecs', 'step_by_step', 'medium-hard', 'dynamic-programming']"
34,0,3.3898305084746,AUG18B,LONCYC,20.0,"['likecs', 'cycle', 'sanroylozan', 'dfs', 'medium']"
35,0,0.0,AUG18B,RIVER,0.0,"['hard', 'likecs', 'matrix-mul', 'bciobanu', 'tropical-geometry', 'link-cut-tree']"
36,0,2.119298245614,AUG18B,KCOMPRES,135.0,"['likecs', 'segment-tree', 'binary-search', 'medium']"
37,0,13.346452447703,AUG18B,SHKNUM,4606.0,"['likecs', 'jitendersheora', 'simple', 'binary-search']"
38,0,23.980027178207003,AUG18B,SPELLBOB,7247.0,"['likecs', 'admin2', 'cakewalk']"
39,0,22.077577045696,AUG18B,PROBLEMS,3908.0,"['likecs', 'easy', 'vidyut_1', 'sorting']"
40,0,0.30030030030029997,AUG18B,INMAT,2.0,"['likecs', 'cases', 'medium-hard', 'binary-search']"
41,0,2.1032504780115,AUG18A,PRINDRAG,34.0,"['likecs', 'step_by_step', 'medium-hard', 'dynamic-programming']"
42,0,11.434977578475001,AUG18A,LONCYC,138.0,"['likecs', 'cycle', 'sanroylozan', 'dfs', 'medium']"
43,0,3.3043478260869996,AUG18A,RIVER,14.0,"['hard', 'likecs', 'matrix-mul', 'bciobanu', 'tropical-geometry', 'link-cut-tree']"
44,0,4.4408139016782995,AUG18A,KCOMPRES,258.0,"['likecs', 'segment-tree', 'binary-search', 'medium']"
45,0,28.863636363635997,AUG18A,SHKNUM,120.0,"['likecs', 'jitendersheora', 'simple', 'binary-search']"
46,0,63.934426229508,AUG18A,SPELLBOB,114.0,"['likecs', 'admin2', 'cakewalk']"
47,0,46.892655367231995,AUG18A,PROBLEMS,79.0,"['likecs', 'easy', 'vidyut_1', 'sorting']"
48,0,1.6771724448447,AUG18A,INMAT,119.0,"['likecs', 'cases', 'medium-hard', 'binary-search']"
49,0,32.614823412369,LTIME62B,SPLST,1782.0,"['likecs', 'cakewalk', 'fekete']"
50,0,7.218880148079599,LTIME62B,FRCPRT,119.0,"['likecs', 'observations', 'easy-medium', 'fekete']"
51,0,1.8292682926828998,LTIME62B,GCDSUM,6.0,"['likecs', 'counting', 'fekete', 'gcd', 'easy-medium', 'inclusn-exclusn']"
52,0,5.2631578947368,LTIME62B,MKSTR,2.0,"['dynamic-programming', 'likecs', 'fekete', 'tries', 'medium', 'string-hashing']"
53,0,0.0,LTIME62B,MEXRNG,0.0,"['likecs', 'mex', 'medium-hard', 'fekete']"
54,0,1.5499732763228,LTIME62B,PRMDIV,26.0,"['likecs', 'sieve', 'easy', 'fekete']"
55,0,44.444444444443995,LTIME62A,SPLST,4.0,"['likecs', 'cakewalk', 'fekete']"
56,0,18.634423897582,LTIME62A,FRCPRT,107.0,"['likecs', 'observations', 'easy-medium', 'fekete']"
57,0,21.875,LTIME62A,GCDSUM,26.0,"['likecs', 'counting', 'fekete', 'gcd', 'easy-medium', 'inclusn-exclusn']"
58,0,19.607843137255003,LTIME62A,MKSTR,9.0,"['dynamic-programming', 'likecs', 'fekete', 'tries', 'medium', 'string-hashing']"
59,0,1.0752688172043001,LTIME62A,MEXRNG,1.0,"['likecs', 'mex', 'medium-hard', 'fekete']"
60,0,12.224669603524001,LTIME62A,PRMDIV,95.0,"['likecs', 'sieve', 'easy', 'fekete']"
61,0,0.0,COOK96B,F2NDMAX,0.0,"['implementation', 'graph-theory']"
62,0,29.833585476550997,COOK96B,ORMATRIX,811.0,"['implementation', 'array', 'simple']"
63,0,60.047974413646,COOK96B,ENCMSG,2204.0,"['implementation', 'string']"
64,0,0.28735632183908,COOK96B,STICKS2,2.0,"['implementation', 'logic', 'binary-search']"
65,0,0.0,COOK96B,CHAQOT,0.0,"['hard', 'dynamic-programming', 'persistence', 'lca', 'segment-tree']"
66,0,10.862619808306999,COOK96B,CHGCDG,29.0,"['pre-process', 'math', 'sieve', 'gcd', 'implementation']"
67,0,20.731707317073,COOK96A,F2NDMAX,17.0,"['implementation', 'graph-theory']"
68,0,49.826989619377,COOK96A,ORMATRIX,257.0,"['implementation', 'array', 'simple']"
69,0,92.857142857143,COOK96A,ENCMSG,11.0,"['implementation', 'string']"
70,0,6.7567567567568,COOK96A,STICKS2,30.0,"['implementation', 'logic', 'binary-search']"
71,0,34.615384615385,COOK96A,CHAQOT,9.0,"['hard', 'dynamic-programming', 'persistence', 'lca', 'segment-tree']"
72,0,22.222222222221998,COOK96A,CHGCDG,83.0,"['pre-process', 'math', 'sieve', 'gcd', 'implementation']"
73,0,20.136518771331,ICOP1901,DECUNI,56.0,"['bfs', 'easy', 'pre-processing']"
74,0,4.0,ICOP1901,ARRCENT,4.0,"['easy', 'prefix-sum']"
75,0,35.928143712575,ICOP1901,TREEUGH,59.0,"['difference-array', 'lazy', 'easy', 'dfs', 'euler-tour']"
76,0,21.923457604751,JULY18B,MGCSET,3795.0,['simple']
77,0,21.641246146357002,JULY18B,PINS,4919.0,['cakewalk']
78,0,6.4075351552135995,JULY18B,NSA,876.0,['easy']
79,0,28.202160493826998,JULY18B,EQUILIBR,680.0,['easy-medium']
80,0,3.0842230130486,JULY18B,SUBWAY,16.0,['medium-hard']
81,0,3.6638226034584997,JULY18B,NMNMX,708.0,['easy']
82,0,4.9836981835119,JULY18B,GEARS,183.0,['medium']
83,0,1.2765957446808998,JULY18B,PDELIV,3.0,['medium-hard']
84,0,12.5,JULY18B,PFRUIT,2.0,['hard']
85,0,2.7834525025536,JULY18A,PDELIV,92.0,['medium-hard']
86,0,6.5573770491803005,JULY18A,PFRUIT,27.0,['hard']
87,0,45.983379501385,JULY18A,EQUILIBR,467.0,['easy-medium']
88,0,2.6797385620915,JULY18A,SUBWAY,39.0,['medium-hard']
89,0,9.0002694691458,JULY18A,NMNMX,575.0,['easy']
90,0,11.012183692595999,JULY18A,GEARS,400.0,['medium']
91,0,47.213114754097994,JULY18A,MGCSET,140.0,['simple']
92,0,43.854748603352,JULY18A,PINS,149.0,['cakewalk']
93,0,26.461538461538,LTIME61B,TREESORT,85.0,"['likecs', 'greedy', 'dfs', 'easy-medium', 'bottom-up']"
94,0,0.53908355795148,LTIME61B,XORSORT2,2.0,"['bitwise-operatn', 'likecs', 'medium-hard', 'binary-search', 'meet-in-middle']"
95,0,0.0,LTIME61B,TBGRAPH,0.0,"['likecs', 'hard', 'dsu', 'dynamic-programming']"
96,0,1.9417475728154998,LTIME61B,DOCSDEL,8.0,"['likecs', 'prefix', 'queries', 'medium']"
97,0,62.486910994764,LTIME61B,NUM239,2343.0,"['likecs', 'prefix-sum', 'cakewalk']"
98,0,13.609223800699999,LTIME61B,SUMPOWER,645.0,"['likecs', 'easy', 'prefix-sum', 'sliding-window']"
99,0,4.390243902439,LTIME61A,XORSORT2,9.0,"['bitwise-operatn', 'likecs', 'medium-hard', 'binary-search', 'meet-in-middle']"
100,0,6.8965517241378995,LTIME61A,TBGRAPH,2.0,"['likecs', 'hard', 'dsu', 'dynamic-programming']"
101,0,35.964912280702,LTIME61A,TREESORT,122.0,"['likecs', 'greedy', 'dfs', 'easy-medium', 'bottom-up']"
102,0,7.1428571428571,LTIME61A,DOCSDEL,27.0,"['likecs', 'prefix', 'queries', 'medium']"
103,0,43.021346469622,LTIME61A,SUMPOWER,257.0,"['likecs', 'easy', 'prefix-sum', 'sliding-window']"
104,0,84.210526315789,LTIME61A,NUM239,16.0,"['likecs', 'prefix-sum', 'cakewalk']"
105,0,3.5714285714286,COOK95B,SONYASEG,8.0,"['geometry', 'easy', 'looping', 'line']"
106,0,0.0,COOK95B,DANYANUM,0.0,"['dp+bitmask', 'med-hard']"
107,0,1.7832647462276998,COOK95B,MINIONS,13.0,"['mgch', 'medium', 'segment-tree']"
108,0,20.0,COOK95B,BTMNTREE,1.0,"['hard', 'dynamic-programming', 'lazypropagation', 'segment-tree']"
109,0,16.928352282981,COOK95B,NUMCOMP,1833.0,"['cakewalk', 'conditions', 'math']"
110,0,27.986348122866996,COOK95B,GOODPERM,481.0,"['brute-force', 'permutation', 'simple']"
111,0,12.171052631579,COOK95A,MINIONS,74.0,"['mgch', 'medium', 'segment-tree']"
112,0,25.161290322581,COOK95A,SONYASEG,39.0,"['geometry', 'easy', 'looping', 'line']"
113,0,37.5,COOK95A,DANYANUM,15.0,"['dp+bitmask', 'med-hard']"
114,0,31.25,COOK95A,BTMNTREE,10.0,"['hard', 'dynamic-programming', 'lazypropagation', 'segment-tree']"
115,0,40.425531914894,COOK95A,NUMCOMP,18.0,"['cakewalk', 'conditions', 'math']"
116,0,46.71875,COOK95A,GOODPERM,295.0,"['brute-force', 'permutation', 'simple']"
117,0,0.95011876484561,JUNE18A,PLUSEQ,6.0,"['branch', 'hard', 'dynamic-programming', 'bignum', 'bound', 'iloveksh']"
118,0,4.9261083743842,JUNE18A,ARCTR,67.0,"['barenuz', 'likecs', 'medium-hard', 'convex-hull-trick', 'hld']"
119,0,8.4375,JUNE18A,BIBOARD,23.0,"['likecs', 'ratingoverflow', 'hard', 'minimum-cut']"
120,0,81.904761904762,JUNE18A,NAICHEF,81.0,"['probability', 'likecs', 'cakewalk']"
121,0,20.652173913043,JUNE18A,BINSHFFL,61.0,"['likecs', 'binary-numbers', 'sanroylozan', 'floyd-warshall', 'easy']"
122,0,14.467005076142001,JUNE18A,SHKSTR,41.0,"['jitendersheora', 'likecs', 'offline', 'tries', 'easy-medium']"
123,0,62.637362637363005,JUNE18A,WAREHOUS,12.0,"['likecs', 'pieguy', 'bfs', 'challenge']"
124,0,18.562628336756,JUNE18A,VSN,387.0,"['cross-product', 'likecs', 'nots0fast', 'binary-search', 'geometry', 'easy-medium']"
125,0,3.831529687043,JUNE18A,WRKWAYS,122.0,"['likecs', 'observsations', 'sanroylozan', 'medium', 'factorization']"
126,0,6.025267249757,JUNE18A,BUILDIT,53.0,"['recurrences', 'likecs', 'teja349', 'medium-hard', 'matrix-expo']"
127,0,0.0,JUNE18B,PLUSEQ,0.0,"['branch', 'hard', 'dynamic-programming', 'bignum', 'bound', 'iloveksh']"
128,0,2.4691358024691,JUNE18B,ARCTR,2.0,"['barenuz', 'likecs', 'medium-hard', 'convex-hull-trick', 'hld']"
129,0,0.0,JUNE18B,BIBOARD,0.0,"['likecs', 'ratingoverflow', 'hard', 'minimum-cut']"
130,0,50.817610062893,JUNE18B,NAICHEF,8510.0,"['probability', 'likecs', 'cakewalk']"
131,0,10.432278930346,JUNE18B,BINSHFFL,2359.0,"['likecs', 'binary-numbers', 'sanroylozan', 'floyd-warshall', 'easy']"
132,0,4.8323626633087,JUNE18B,SHKSTR,1053.0,"['jitendersheora', 'likecs', 'offline', 'tries', 'easy-medium']"
133,0,14.0,JUNE18B,WAREHOUS,4.0,"['likecs', 'pieguy', 'bfs', 'challenge']"
134,0,10.157542622833,JUNE18B,VSN,1165.0,"['cross-product', 'likecs', 'nots0fast', 'binary-search', 'geometry', 'easy-medium']"
135,0,1.6218208625138,JUNE18B,WRKWAYS,40.0,"['likecs', 'observsations', 'sanroylozan', 'medium', 'factorization']"
136,0,1.2878787878788,JUNE18B,BUILDIT,15.0,"['recurrences', 'likecs', 'teja349', 'medium-hard', 'matrix-expo']"
137,0,2.7624309392265,LOCMAY18,ELECTION,5.0,['dynamic-programming']
138,0,2.3902821316614,LOCMAY18,DSERIES,116.0,"['easy', 'math']"
139,0,1.4044943820225,LOCMAY18,PRIMECLO,18.0,"['seive', 'prime', 'miller-rabin', 'segment-tree']"
140,0,3.7383177570093,LOCMAY18,PERMSUM,8.0,"['finding-pattern', 'math', 'medium']"
141,0,57.815671944783,LOCMAY18,REMAIN,1382.0,"['easy', 'math']"
142,0,12.559549588566,LTIME60B,SBSTR,285.0,"['array', 'freq', 'looping', 'simple', 'string']"
143,0,1.8843404808317,LTIME60B,SHIFTPAL,27.0,"['hashing', 'xellos0', 'string', 'easy', 'kingofnumbers']"
144,0,2.8985507246377002,LTIME60B,WEAKMID,12.0,"['array', 'easy-med', 'kingofnumbers', 'looping', 'simulation', 'stack']"
145,0,7.899628252788099,LTIME60B,PLUS,83.0,"['easy-medium', 'dynamic-programming', '2darray']"
146,0,0.0,LTIME60B,TSUM2,0.0,"['lines', 'hard', 'convex-hull', 'geometry']"
147,0,39.588377723971,LTIME60B,TRACE,1280.0,"['2-d-array', 'math', 'cakewalk']"
148,0,33.131313131313,LTIME60A,SBSTR,162.0,"['array', 'freq', 'looping', 'simple', 'string']"
149,0,18.64406779661,LTIME60A,SHIFTPAL,86.0,"['hashing', 'xellos0', 'string', 'easy', 'kingofnumbers']"
150,0,18.181818181818,LTIME60A,WEAKMID,46.0,"['array', 'easy-med', 'kingofnumbers', 'looping', 'simulation', 'stack']"
151,0,28.391167192429,LTIME60A,PLUS,88.0,"['easy-medium', 'dynamic-programming', '2darray']"
152,0,7.4380165289256,LTIME60A,TSUM2,9.0,"['lines', 'hard', 'convex-hull', 'geometry']"
153,0,66.666666666667,LTIME60A,TRACE,5.0,"['2-d-array', 'math', 'cakewalk']"
154,0,2.5641025641026003,COOK94B,CHEFLAKE,2.0,"['prefix-sum', 'dynamic-programming']"
155,0,8.6673889490791,COOK94B,KMXOR,309.0,"['xor', 'constructive']"
156,0,0.0,COOK94B,CHEFLMN,0.0,"['dynamic-programming', 'modular-arith']"
157,0,11.731843575419,COOK94B,CHEFTRVL,20.0,['xor']
158,0,0.0,COOK94B,CHEFPIC,0.0,"['squares', 'scanline', 'binary-search', 'geometry', 'bit']"
159,0,18.181818181818,COOK94A,CHEFLAKE,16.0,"['prefix-sum', 'dynamic-programming']"
160,0,23.724489795918004,COOK94A,KMXOR,183.0,"['xor', 'constructive']"
161,0,8.5714285714286,COOK94A,CHEFLMN,3.0,"['dynamic-programming', 'modular-arith']"
162,0,26.470588235294,COOK94A,CHEFTRVL,45.0,['xor']
163,0,10.526315789474,COOK94A,CHEFPIC,2.0,"['squares', 'scanline', 'binary-search', 'geometry', 'bit']"
164,0,2.0224719101123996,MAY18A,RUBBER,16.0,"['stack', 'hard', 'homotopic', 'geometry']"
165,0,2.6076649545633996,MAY18A,EDGEST,54.0,['segment-tree']
166,0,4.0,MAY18A,SERSUM,16.0,"['convolution', 'power-series', 'fft']"
167,0,77.631578947368,MAY18A,RD19,57.0,"['cakewalk', 'gcd']"
168,0,67.105263157895,MAY18A,XORAGN,49.0,"['xor', 'easy']"
169,0,46.428571428571,MAY18A,MTYFRI,37.0,"['easy', 'sorting']"
170,0,10.191082802548,MAY18A,CHSIGN,346.0,"['easy-medium', 'dynamic-programming']"
171,0,14.51731761238,MAY18A,STMINCUT,180.0,"['medium-hard', 'minimum-spanning-tree', 'gomory-hu']"
172,0,13.973799126638,MAY18A,FAKEBS,495.0,['binary-search']
173,0,3.2608695652174,MAY18B,SERSUM,1.0,"['convolution', 'power-series', 'fft']"
174,0,5.3333333333333,MAY18B,EDGEST,5.0,['segment-tree']
175,0,4.1666666666667,MAY18B,RUBBER,1.0,"['stack', 'hard', 'homotopic', 'geometry']"
176,0,31.680954155795998,MAY18B,RD19,4769.0,"['cakewalk', 'gcd']"
177,0,30.201037613489,MAY18B,XORAGN,4357.0,"['xor', 'easy']"
178,0,21.23459315706,MAY18B,MTYFRI,3889.0,"['easy', 'sorting']"
179,0,4.218690881574,MAY18B,CHSIGN,382.0,"['easy-medium', 'dynamic-programming']"
180,0,6.9114470842332985,MAY18B,STMINCUT,80.0,"['medium-hard', 'minimum-spanning-tree', 'gomory-hu']"
181,0,7.0058517555267,MAY18B,FAKEBS,1101.0,['binary-search']
182,0,55.038167938931,LTIME59B,TWOVSTEN,1412.0,"['basic-math', 'cakewalk']"
183,0,6.7432201319326,LTIME59B,GCDDIV,261.0,"['basic-math', 'easy']"
184,0,2.7956989247312003,LTIME59B,TREE3,13.0,"['constructive', 'bfs', 'dfs', 'medium']"
185,0,8.1081081081081,LTIME59B,NPORP,3.0,"['graph-theory', 'dfs', 'np-hard', 'medium']"
186,0,7.5,LTIME59B,FFT,3.0,"['math', 'medium']"
187,0,0.0,LTIME59B,DARTSEGM,0.0,"['hard', 'convex-hull', 'segment-tree']"
188,0,100.0,LTIME59A,TWOVSTEN,12.0,"['basic-math', 'cakewalk']"
189,0,23.366834170854002,LTIME59A,GCDDIV,185.0,"['basic-math', 'easy']"
190,0,12.612612612613,LTIME59A,TREE3,56.0,"['constructive', 'bfs', 'dfs', 'medium']"
191,0,10.588235294118,LTIME59A,NPORP,18.0,"['graph-theory', 'dfs', 'np-hard', 'medium']"
192,0,20.918367346939,LTIME59A,FFT,41.0,"['math', 'medium']"
193,0,1.1824324324323998,LTIME59A,DARTSEGM,6.0,"['hard', 'convex-hull', 'segment-tree']"
194,0,8.8669950738916,LOCAPR18,TRGR,17.0,['union-find']
195,0,18.340026773762,LOCAPR18,CRICSCR,919.0,['cakewalk']
196,0,10.919540229885001,LOCAPR18,DOBDELIV,19.0,"['easy-medium', 'dynamic-programming']"
197,0,15.0,LOCAPR18,PALLIND,138.0,"['expected-value', 'modular-arith']"
198,0,0.0,COOK93B,PWNCHESS,0.0,"['game-theory', 'games', 'medium']"
199,0,42.857142857143,COOK93B,CHEFGORO,3.0,"['topology', 'bitmask', 'medium-hard']"
200,0,77.57936507936499,COOK93B,CUTBOARD,1147.0,"['chess', 'cakewalk']"
201,0,20.192822710229997,COOK93B,BINIM,368.0,"['greedy', 'nim', 'game-theory', 'game']"
202,0,2.6041666666667003,COOK93B,RUNDIR,14.0,"['greedy', 'easy-medium', 'binary-search']"
203,0,0.0,COOK93B,HAMEL,0.0,"['hard', 'matroid-partition', 'euler-tour', 'spanningtree']"
204,0,4.9180327868852,COOK93A,PWNCHESS,6.0,"['game-theory', 'games', 'medium']"
205,0,9.6774193548387,COOK93A,HAMEL,3.0,"['hard', 'matroid-partition', 'euler-tour', 'spanningtree']"
206,0,39.473684210526,COOK93A,CHEFGORO,15.0,"['topology', 'bitmask', 'medium-hard']"
207,0,41.624365482234,COOK93A,BINIM,242.0,"['greedy', 'nim', 'game-theory', 'game']"
208,0,11.932773109244001,COOK93A,RUNDIR,70.0,"['greedy', 'easy-medium', 'binary-search']"
209,0,85.714285714286,COOK93A,CUTBOARD,6.0,"['chess', 'cakewalk']"
210,0,1.7421602787456,CORP2018,ADP,5.0,"['easy-medium', 'maths']"
211,0,36.057692307692,CORP2018,TEX,75.0,"['ad-hoc', 'cakewalk']"
212,0,60.0,CORP2018,IOC,29.0,"['chef', 'easy', 'greedy', 'sorting']"
213,0,22.033898305085,CORP2018,ENP,13.0,"['strings', 'easy']"
214,0,17.575757575758,CORP2018,GOODS,29.0,"['greedy', 'easy', 'sorting']"
215,0,14.864864864865,COLE2018,CLUSCL,44.0,['simple']
216,0,16.831683168317,COLE2018,CLKLZM,17.0,"['heap', 'easy']"
217,0,23.076923076923,COLE2018,CLERVT,3.0,"['dp+bitmask', 'euler-tour', 'dynamic-programming', 'medium']"
218,0,25.0,COLE2018,CLTNGL,1.0,"['mobius', 'hard']"
219,0,10.079575596817,COLE2018,CLFIBD,151.0,"['string', 'cakewalk']"
220,0,3.125,COLE2018,CLSUMG,1.0,"['sieve', 'fft', 'medium']"
221,0,80.26970621287501,APRIL18A,CHEFPAR,443.0,"['mgch', 'challenge', 'factorization', 'random', 'simulation']"
222,0,4.5914069081719004,APRIL18A,VAIMIN,96.0,"['medium-hard', 'dynamic-programming', 'generalized-catalan']"
223,0,22.706155632985002,APRIL18A,GOODPREF,719.0,"['string', 'logic', 'math']"
224,0,10.153181461115,APRIL18A,CUTPLANT,428.0,"['deque', 'data-structure', 'segment-tree', 'medium']"
225,0,13.880187940486,APRIL18A,HIGHWAYC,622.0,"['epsilon', 'geometry', 'easy', 'math']"
226,0,3.6672140120416,APRIL18A,CHEFAT,48.0,"['taylor-series', 'segtree', 'medium-hard', 'lazypropagation']"
227,0,8.2228116710875,APRIL18A,JADUGAR,156.0,"['hard', 'generating_functions', 'math']"
228,0,12.152777777778,APRIL18A,SSPLD,27.0,"['hard', 'fft', 'palindrome', 'dp-bitmask', 'fwt']"
229,0,28.695652173913,APRIL18A,WGHTNUM,60.0,"['easy', 'fast-expo']"
230,0,18.882978723404,APRIL18A,AVGPR,61.0,"['looping', 'array', 'math']"
231,0,67.647378134839,APRIL18B,CHEFPAR,1019.0,"['mgch', 'challenge', 'factorization', 'random', 'simulation']"
232,0,1.7980636237898,APRIL18B,VAIMIN,44.0,"['medium-hard', 'dynamic-programming', 'generalized-catalan']"
233,0,9.6469722971316,APRIL18B,GOODPREF,2158.0,"['string', 'logic', 'math']"
234,0,3.3136676499508,APRIL18B,CUTPLANT,298.0,"['deque', 'data-structure', 'segment-tree', 'medium']"
235,0,7.540136189671498,APRIL18B,HIGHWAYC,1354.0,"['epsilon', 'geometry', 'easy', 'math']"
236,0,9.829072401518001,APRIL18B,WGHTNUM,2999.0,"['easy', 'fast-expo']"
237,0,6.6452131938858,APRIL18B,AVGPR,2267.0,"['looping', 'array', 'math']"
238,0,33.015993907083,APRIL18B,CHEFWORK,7509.0,"['minimum_element', 'array', 'cakewalk', 'looping']"
239,0,1.6949152542373,APRIL18B,CHEFAT,1.0,"['taylor-series', 'segtree', 'medium-hard', 'lazypropagation']"
240,0,4.9382716049383,APRIL18B,JADUGAR,6.0,"['hard', 'generating_functions', 'math']"
241,0,13.432835820896,CMEL2018,YFG,9.0,"['codemelange', 'dsu', 'medium', 'sack']"
242,0,0.0,CMEL2018,CNTL,0.0,"['codemelange', 'hard', 'math']"
243,0,50.0,CMEL2018,CMPVIRS,1.0,"['codemelange', 'hard', 'math']"
244,0,1.3245033112583,LTIME58A,GQR,4.0,"['gcd', 'dynamic-programming', 'medium']"
245,0,0.0,LTIME58A,TRS,0.0,"['squareroot', 'hard', 'supernode']"
246,0,30.894308943088998,LTIME58A,ARRP,144.0,"['sum', 'maths', 'sieve', 'easy-medium']"
247,0,61.05527638191,LTIME58A,AFK,232.0,"['ad-hoc', 'easy', 'maths']"
248,0,96.078431372549,LTIME58A,FRK,46.0,"['string', 'easy']"
249,0,92.56198347107402,LTIME58A,ZOZ,321.0,"['sum', 'array', 'easy']"
250,0,67.309546769527,LTIME58B,FRK,2002.0,"['string', 'easy']"
251,0,63.0859375,LTIME58B,ZOZ,1837.0,"['sum', 'array', 'easy']"
252,0,17.908082408875,LTIME58B,ARRP,109.0,"['sum', 'maths', 'sieve', 'easy-medium']"
253,0,34.623217922607004,LTIME58B,AFK,656.0,"['ad-hoc', 'easy', 'maths']"
254,0,0.0,LTIME58B,GQR,0.0,"['gcd', 'dynamic-programming', 'medium']"
255,0,0.0,LTIME58B,TRS,0.0,"['squareroot', 'hard', 'supernode']"
256,0,20.533880903491003,INSO2018,SPSUM,495.0,"['ad-hoc', 'maths']"
257,0,25.47619047619,INSO2018,STSWAP,209.0,"['easy', 'sorting']"
258,0,0.0,INSO2018,CONSEL,0.0,"['auxiliary-tree', '2sat']"
259,0,16.666666666667,INSO2018,HIGHINT,2.0,['ntt']
260,0,46.511627906977,INSO2018,CBS,10.0,['maths']
261,0,19.642857142857,INSO2018,CNTNODE,22.0,"['dynamic-programming', 'segment-tree']"
262,0,0.88888888888889,INSO2018,STRAIGHT,2.0,"['pag', 'fft']"
263,0,26.086956521739,INSO2018,GOFG,6.0,"['pag', 'dynamic-programming']"
264,0,50.0,INSO2018,EZDP,4.0,"['shortest-path', 'multiset']"
265,0,15.05376344086,INSO2018,FUNFUN,14.0,"['pag', 'dynamic-programming']"
266,0,23.515981735160004,COOK92B,CO92MATR,805.0,"['implementation', 'easy']"
267,0,61.325966850829,COOK92B,CO92JUDG,2934.0,"['implementation', 'cakewalk']"
268,0,1.4492753623188002,COOK92B,CO92TREE,1.0,"['bruteforce', 'tree', 'dfs', 'medium']"
269,0,6.7164179104478015,COOK92B,CO92REST,9.0,"['easy-medium', 'datastructure']"
270,0,47.135487374423,COOK92B,CO92SUBW,1686.0,"['implementation', 'easy']"
271,0,0.0,COOK92B,MXPATH,0.0,"['medium-hard', 'datastructure', 'tree']"
272,0,44.444444444443995,COOK92A,CO92MATR,430.0,"['implementation', 'easy']"
273,0,16.666666666667,COOK92A,CO92TREE,12.0,"['bruteforce', 'tree', 'dfs', 'medium']"
274,0,14.141414141414002,COOK92A,CO92REST,69.0,"['easy-medium', 'datastructure']"
275,0,75.911251980983,COOK92A,CO92SUBW,476.0,"['implementation', 'easy']"
276,0,17.073170731707002,COOK92A,MXPATH,6.0,"['medium-hard', 'datastructure', 'tree']"
277,0,92.307692307692,COOK92A,CO92JUDG,12.0,"['implementation', 'cakewalk']"
278,0,0.0,CODN2018,PACMAN,0.0,"['dfs', 'easy', 'graph']"
279,0,8.7284659557014,MARCH18A,PSHTRG,426.0,"['triangle', 'segment-tree', 'mergesort', 'medium']"
280,0,2.6548672566372002,MARCH18A,CHEFKNN,38.0,"['ntt', 'counting', 'hard']"
281,0,5.95690747782,MARCH18A,CUTTREE,37.0,"['probability', 'expected-value', 'hard', 'fft']"
282,0,42.481511914544,MARCH18A,XXOR,981.0,"['easy-medium', 'xor', 'prefix-sum']"
283,0,8.7716804094399,MARCH18A,GCDCNT,439.0,"['inclusion-exclusion', 'mobius', 'medium']"
284,0,75.373134328358,MARCH18A,BIGSALE,96.0,"['maths', 'easy']"
285,0,81.603053435115,MARCH18A,MIXCOLOR,1028.0,"['greedy', 'ad-hoc', 'easy', 'sorting']"
286,0,89.705882352941,MARCH18A,CHEGLOVE,111.0,"['implementation', 'simple']"
287,0,35.627389641988,MARCH18A,MINVOTE,935.0,"['easy-medium', 'binary-search']"
288,0,31.884057971014,MARCH18A,MINEAT,93.0,"['easy-medium', 'binary-search']"
289,0,2.5486864462162004,MARCH18B,PSHTRG,308.0,"['triangle', 'segment-tree', 'mergesort', 'medium']"
290,0,7.547169811320798,MARCH18B,CHEFKNN,4.0,"['ntt', 'counting', 'hard']"
291,0,13.725490196078,MARCH18B,CUTTREE,5.0,"['probability', 'expected-value', 'hard', 'fft']"
292,0,19.230769230769,MARCH18B,XXOR,2549.0,"['easy-medium', 'xor', 'prefix-sum']"
293,0,4.8040455120100996,MARCH18B,GCDCNT,27.0,"['inclusion-exclusion', 'mobius', 'medium']"
294,0,39.213349225268004,MARCH18B,BIGSALE,9535.0,"['maths', 'easy']"
295,0,34.16641787862,MARCH18B,MIXCOLOR,7539.0,"['greedy', 'ad-hoc', 'easy', 'sorting']"
296,0,45.765081901718,MARCH18B,CHEGLOVE,10915.0,"['implementation', 'simple']"
297,0,14.123429819771,MARCH18B,MINVOTE,2393.0,"['easy-medium', 'binary-search']"
298,0,7.898922071037298,MARCH18B,MINEAT,3182.0,"['easy-medium', 'binary-search']"
299,0,9.090909090909099,ICL2018,ICL1803,4.0,"['mask', 'likecs', 'convolution', 'medium-hard', 'queries']"
300,0,39.187327823691,ICL2018,ICL1801,560.0,"['greedy', 'likecs', 'cakewalk']"
301,0,29.810901001111997,ICL2018,ICL1802,263.0,"['greedy', 'easy', 'likecs']"
302,0,24.324324324324003,ICL2018,ICL1805,9.0,"['likecs', 'observations', 'medium-hard', 'binary-search']"
303,0,38.857142857143,ICL2018,ICL1804,136.0,"['equations', 'easy-medium', 'likecs', 'gcd']"
304,0,34.161273395137,LTIME57,HILLS,1914.0,"['greedy', 'cakewalk']"
305,0,9.5518001469508,LTIME57,GAMENUMB,377.0,"['easy', 'game', 'sorting']"
306,0,3.9891205802357,LTIME57,BORDER,43.0,"['kmp', 'tree', 'binary-lifting', 'medium']"
307,0,2.8169014084507,LTIME57,COUPLES,4.0,"['med-hard', 'segment-tree']"
308,0,53.639846743295,GSF2018,GSFEB18B,137.0,['cakewalk']
309,0,45.0,GSF2018,GSFEB18C,36.0,['simple']
310,0,52.027027027026996,GSF2018,GSFEB18D,75.0,['simple']
311,0,62.86191536748299,COOK91,CCOOK,3290.0,"['loops', 'conditions', 'cakewalk']"
312,0,28.571428571429,COOK91,CSUBSEQ,62.0,"['dynamic-programming', 'medium']"
313,0,20.95010252905,COOK91,CARRAY,604.0,"['greedy', 'simple', 'sorting']"
314,0,11.111111111110999,COOK91,CTREE,3.0,"['hard', 'tree', 'data-structure', 'dfs', 'graph-theory']"
315,0,21.511627906977,CODR2018,KRYP1,37.0,"['codr2018', 'dp+trees', 'medium']"
316,0,7.4626865671642015,CODR2018,KRYP2,14.0,"['codr2018', 'medium-hard', 'mo-algorithm', 'multiset', 'segment-tree', 'tree']"
317,0,10.588235294118,CODR2018,KRYP3,9.0,"['codr2018', 'matrix-expo', 'medium-hard']"
318,0,27.43312464428,CODR2018,KRYP4,470.0,"['codr2018', 'cakewalk']"
319,0,20.0,CODR2018,KRYP5,3.0,"['codr2018', 'dynamic-programming', 'medium-hard', 'merge-sort-tree']"
320,0,12.47191011236,CODR2018,KRYP6,217.0,"['binary-search', 'codr2018', 'easy', 'sets', 'stl']"
321,0,50.0,COM2018,COMAPR04,1.0,"['bitmasking', 'hard', 'strings', 'binary-search']"
322,0,2.445652173913,COM2018,COMAPR02,18.0,"['easy-medium', 'hashing', 'segment-tree']"
323,0,3.2967032967033,COM2018,COMAPR06,3.0,"['2-sat', 'graph', 'medium']"
324,0,41.231488698363,COM2018,COMAPR01,520.0,"['easy', 'simple']"
325,0,6.3492063492063,COM2018,COMAPR03,24.0,"['factorial', 'easy', 'maths']"
326,0,9.8461538461538,COM2018,COMAPR05,32.0,"['easy-medium', 'maths']"
327,0,20.192307692308,COM2018,COMAPR07,21.0,"['number-theory', 'maths', 'medium']"
328,0,25.581395348837,KQM6518,QM6P5A,11.0,"['bruteforce', 'maths']"
329,0,33.333333333333,KQM6518,QM6P5B,3.0,"['bubblesort', 'sorting']"
330,0,36.797752808989,TCQ2018,TCQF181A,252.0,"['codechef', 'simple', 'turingcup']"
331,0,18.336162988115,TCQ2018,TCQF181B,103.0,"['codechef', 'simple', 'turingcup']"
332,0,52.602739726027,TCQ2018,TCQF181D,184.0,"['codechef', 'simple', 'turingcup']"
333,0,26.176470588235002,TCQ2018,TCQF181C,82.0,"['codechef', 'easy', 'turingcup']"
334,0,13.1038647343,CODH2018,THC1,210.0,"['cakewalk', 'codh2018', 'divisibility', 'rules']"
335,0,9.35960591133,CODH2018,AMC3,32.0,"['codh2018', 'easy', 'graph']"
336,0,11.165048543689,CODH2018,CPC4,43.0,"['dynamic-programming', 'easy', 'sqrt', 'segment-tree', 'codh2018']"
337,0,38.257575757576,CODH2018,SCC5,192.0,"['codh2018', 'dynamic-programming', 'easy', 'graph', 'stack']"
338,0,28.787878787879,CODH2018,PAC6,54.0,"['codh2018', 'dijkstra', 'easy', 'graph']"
339,0,5.57478368356,FEB18,BROCLK,784.0,"['trigonometry', 'matrix-expo', 'math', 'modular-arith']"
340,0,3.2624113475177,FEB18,LUCASTH,80.0,"['divide-and-conq', 'lucas-theorem', 'math', 'fft']"
341,0,5.0708426547353,FEB18,CLANDLBL,165.0,"['number-theory', 'medium-hard', 'isomorphism']"
342,0,29.798889665061,FEB18,CHEFCHR,7599.0,['cakewalk']
343,0,20.96245636532,FEB18,CHEFPTNT,5484.0,"['implementation', 'math', 'simple']"
344,0,3.4816247582204998,FEB18,CHANOQ,174.0,"['persistence', 'medium-hard', 'segment-tree']"
345,0,4.0613673601112,FEB18,POINPOLY,663.0,"['convex-polygon', 'constructive', 'medium']"
346,0,19.264599855804,FEB18,CARPTUN,3586.0,"['dynamic-programming', 'simple', 'math']"
347,0,71.45717463848699,FEB18,BIAS,533.0,"['inversions', 'challenge']"
348,0,23.572219585509,FEB18,PERMPAL,4178.0,"['palindrome', 'constructive', 'string', 'simple']"
349,0,5.1851851851852,LTIME56,L56AVG,26.0,"['easy-medium', 'tree-dp', 'binary-search']"
350,0,0.53134962805526,LTIME56,L56KTH,11.0,"['trie', 'persistence', 'medium-hard', 'binary-search']"
351,0,58.322798145807,LTIME56,L56GAME,2649.0,['cakewalk']
352,0,8.6802721088435,LTIME56,L56LABY,287.0,"['greedy', 'bfs', 'easy', 'heaps']"
353,0,19.2,COOK90,FINDA,24.0,"['bipartite', 'maths', 'medium-hard', 'constructive']"
354,0,12.801204819277,COOK90,MAGA,85.0,"['dynamic-programming', 'medium']"
355,0,14.865885908575999,COOK90,MULTHREE,779.0,"['maths', 'easy', 'modulo']"
356,0,10.0,COOK90,FARGRAPH,1.0,"['medium-hard', 'graph-theory']"
357,0,18.284545845889,COOK90,SURVIVE,1673.0,"['greedy', 'easy']"
358,0,11.333333333333002,GWR17ROL,TRICHEF,16.0,"['easy-medium', 'geometry']"
359,0,17.307692307692,GWR17ROL,QTRAGAIN,9.0,"['easy-medium', 'data-structure']"
360,0,27.047146401985003,GWR17ROL,OPTCODE,102.0,"['simple', 'sorting']"
361,0,56.830601092896,GWR17ROL,COUPSYS,203.0,['cakewalk']
362,0,30.769230769231,GWR17ROL,KALADIN,4.0,"['probability', 'medium']"
363,0,0.0,GWR17ROL,LIGHTARE,0.0,"['med-hard', 'geometry']"
364,0,17.786561264821998,GWR17ROL,TALESQUA,42.0,['simple']
365,0,25.490196078431,GWR17ROL,TALETRI,13.0,['easy']
366,0,20.0,GWR17ROL,ZUBWALLT,3.0,"['dp+bitmask', 'medium-hard']"
367,0,25.0,KGP17ROL,SCIENCEF,2.0,"['tsp', 'hard', 'bitmask', 'dynamic-programming']"
368,0,0.0,KGP17ROL,DISCAREA,0.0,"['convex-hull-trick', 'monte-carlo', 'hard', 'geometry']"
369,0,70.0,KGP17ROL,STRLBP,163.0,['cakewalk']
370,0,9.433962264150901,KGP17ROL,SADQ,20.0,"['ad-hoc', 'heavy-light', 'medium']"
371,0,20.833333333333,KGP17ROL,TAXITURN,5.0,"['geometry', 'easy']"
372,0,34.494773519164,KGP17ROL,SPAMCLAS,93.0,['easy']
373,0,24.242424242424,KGP17ROL,NONOVSEG,8.0,"['dynamic-programming', 'medium']"
374,0,13.888888888889001,KGP17ROL,SPANTREE,9.0,"['interactive', 'constructive', 'graph', 'mst']"
375,0,28.787878787879,KGP17ROL,GENPERM,19.0,"['easy-medium', 'constructive']"
376,0,12.5,KGP17ROL,NUMBGAME,10.0,"['number-theory', 'dfs', 'graph', 'medium']"
377,0,12.209302325581,CHN17ROL,ELHIDARR,21.0,"['easy-medium', 'binary-search']"
378,0,32.0,CHN17ROL,DEFOREST,8.0,"['med-hard', 'data-structure']"
379,0,22.222222222221998,CHN17ROL,BLREDSET,11.0,"['tree-dp', 'dynamic-programming', 'medium']"
380,0,27.040816326531,CHN17ROL,OBEXPVAL,51.0,['simple']
381,0,42.857142857143,CHN17ROL,CODIE,3.0,"['expected-value', 'matrix-expo', 'med-hard']"
382,0,44.0,CHN17ROL,AREAFIGR,10.0,"['monte-carlo', 'geometry', 'medium']"
383,0,76.31578947368399,CHN17ROL,MRO,29.0,"['easy', 'dynamic-programming']"
384,0,16.393442622951,CHN17ROL,VRTXCOVR,9.0,"['2-sat', 'graphs', 'medium']"
385,0,71.42857142857099,CHN17ROL,GOODBAD,201.0,['cakewalk']
386,0,57.142857142857,CHN17ROL,MANCBST,4.0,"['med-hard', 'fft']"
387,0,1.1452682338758,JAN18,SQRGOOD,46.0,"['number-theory', 'hard', 'dirichlet-convolution']"
388,0,3.1002964426877004,JAN18,KILLKTH,100.0,"['medium-hard', 'killjee', 'suffix-trees']"
389,0,1.1966150998281,JAN18,MONSTER,140.0,['medium']
390,0,17.516909320188,JAN18,MAXSC,7175.0,"['hruday968', 'cakewalk']"
391,0,42.038339273673,JAN18,RECTANGL,12505.0,"['cakewalk', 'kingofnumbers']"
392,0,7.7250914460216995,JAN18,KCON,4185.0,"['hruday968', 'easy']"
393,0,12.605166782144,JAN18,STRMRG,2358.0,"['easy', 'dynamic-programming', 'kingofnumbers']"
394,0,8.6551636640447,JAN18,PRTITION,3064.0,"['easy', 'kingofnumbers']"
395,0,4.0042149631191,JAN18,XYHUMOQ,126.0,"['euclidean-algo', 'medium']"
396,0,16.574585635359,ICOP1806,PARTCNT,30.0,"['easy-medium', 'dynamic-programming', 'sliding-window']"
397,0,10.0,ICOP1806,ANURAJ,11.0,"['floyd-warshall', 'easy', 'matrix-expo']"
398,0,4.0,ICOP1806,MINMAX2,3.0,"['convex-hull-optimization', 'medium-hard', 'dynamic-programming']"
399,0,20.101781170483,ICOP1806,MINMAX3,72.0,"['ioi', 'heaps', 'cakewalk']"
400,0,44.208083542835,LTIME55,NW1,2236.0,"['ad-hoc', 'cakewalk']"
401,0,9.1929824561404,LTIME55,ABX01,890.0,"['observations', 'simple', 'fast-expo']"
402,0,11.306532663317,LTIME55,ABX02,131.0,"['programming', 'dynamic', 'medium']"
403,0,2.8205128205128,LTIME55,ABX03,20.0,"['medium-hard', 'binary-search', 'dfs', 'lca', 'inclusion-exclusion']"
404,0,14.516129032258,COOK89,ROTPTS,27.0,"['likecs', 'matrix-mul', 'medium']"
405,0,3.921568627451,COOK89,ISOARRAY,3.0,"['likecs', 'hashing', 'medium-hard']"
406,0,4.7761194029851,COOK89,MINSUBAR,155.0,"['likecs', 'easy-medium', 'prefix-sum', 'binary-search']"
407,0,17.015759026531,COOK89,BTAR,845.0,"['likecs', 'easy', 'greedy']"
408,0,26.685633001422,COOK89,FBMT,1849.0,"['likecs', 'looping', 'cakewalk']"
409,0,10.395095367847,DEC17,VK18,2121.0,['dynamic-programming']
410,0,31.700769119141,DEC17,GIT01,4224.0,['cakewalk']
411,0,13.554399128645999,LTIME54,SMRSTR,1066.0,['cakewalk']
412,0,1.9817073170732,LTIME54,SHUFFL,26.0,['easy-medium']
413,0,2.5833878351863997,LTIME54,LRQUER,57.0,"['easy', 'segment-tree']"
414,0,2.734375,LTIME54,STRQUER,6.0,"['treap', 'medium']"
415,0,27.397260273972996,GKAH1701,GEEK01,60.0,"['cakewalk', 'likecs', 'sorting']"
416,0,11.818181818182001,GKAH1701,GEEK02,36.0,"['easy', 'greedy', 'likecs']"
417,0,25.480769230769,GKAH1701,GEEK03,51.0,"['cakewalk', 'likecs', 'sorting']"
418,0,6.0975609756098,GKAH1701,GEEK04,9.0,"['dp+bitmask', 'likecs', 'medium']"
419,0,24.590163934426,GKAH1701,GEEK05,15.0,"['likecs', 'medium', 'queries', 'sieve']"
420,0,11.742424242423999,COOK88,PALHAM,31.0,"['likecs', 'medium', 'kingofnumbers']"
421,0,26.436781609195,COOK88,SKIING,295.0,"['scc', 'sorting', 'likecs', 'greedy', 'kingofnumbers']"
422,0,42.150968603874,COOK88,ONCHESS,625.0,"['likecs', 'looping', 'easy', 'kingofnumbers']"
423,0,4.878048780487799,COOK88,ADJLEAF,2.0,"['hard', 'dynamic-programming']"
424,0,52.339986235375,COOK88,RNDPAIR,1502.0,"['probability', 'likecs', 'cakewalk', 'kingofnumbers']"
425,0,0.7826610475617101,NOV17,BINOMSUM,8.0,"['hard', 'fft']"
426,0,1.1516925426317,NOV17,SEGPROD,148.0,['medium-hard']
427,0,1.1003432263275001,NOV17,POLY,82.0,"['hull', 'hard']"
428,0,27.495117689382,NOV17,CLRL,5051.0,['cakewalk']
429,0,15.851834121238001,NOV17,CHEFHPAL,2490.0,"['bruteforce', 'medium']"
430,0,3.3148319457292996,NOV17,CSUBQ,384.0,"['medium', 'segment-tree']"
431,0,29.667405764966997,NOV17,PERPALIN,4431.0,['simple']
432,0,4.0709126723572,NOV17,LVGFT,111.0,"['dsu', 'medium']"
433,0,40.902544407105,NOV17,VILTRIBE,6539.0,['cakewalk']
434,0,55.945419103314,NOV17,CHEFNIL,427.0,['challenge']
435,0,1.0822510822511,LTIME53,WEICOM,5.0,"['constructive', 'medium-hard']"
436,0,1.0050251256281,LTIME53,OPTSSET,4.0,"['maths', 'medium-hard', 'optimization']"
437,0,24.768988054991997,LTIME53,BUGCAL,2162.0,['cakewalk']
438,0,5.1214953271028,LTIME53,MAXNUM3,405.0,"['ad-hoc', 'easy']"
439,0,17.746418644429998,COOK87,CK87GSUB,785.0,"['counting', 'easy']"
440,0,66.567670767925,COOK87,CK87MEDI,2850.0,"['cakewalk', 'median', 'sorting']"
441,0,35.120014437827,COOK87,CK87QUER,1698.0,"['two-pointers', 'simple', 'sorting']"
442,0,17.391304347826,COOK87,CK87MEAD,4.0,"['medium-hard', 'fenwick-tree', 'line-sweep']"
443,0,5.3269468031062,OCT17,MARRAYS,636.0,"['easy-medium', 'dynamic-programming']"
444,0,9.2543249154902,OCT17,CHEFGP,2132.0,"['greedy', 'easy']"
445,0,12.742003367002999,OCT17,CHEFCCYL,1062.0,"['prefix-sums', 'medium']"
446,0,3.3301312840217996,OCT17,SHTARR,165.0,"['medium-hard', 'segment-tree']"
0,0,24.45179255134,COOK84,CHNGFUNC,1262.0,"['maths', 'easy-medium', 'number-theory']"
1,0,46.916299559471,COOK84,CHNGOR,1668.0,['easy']
2,0,41.463414634146,COOK84,CHNGSEQ,17.0,"['bit', 'math', 'hard']"
3,0,17.017208413002,COOK84,CHNGSUM,174.0,['medium']
4,0,30.243902439024,COOK84,BIPARTRE,62.0,"['maxflow', 'medium', 'vivek1_007', 'max']"
5,0,7.0821529745042,JULY17,MULDIG,47.0,"['implementation', 'medium-hard', 'simulation']"
6,0,5.5674045745385,JULY17,PSHTTR,624.0,"['datastructure', 'sorting', 'medium']"
7,0,14.227990694256999,JULY17,CHEFSIGN,4407.0,"['ad-hoc', 'greedy', 'cakewalk']"
8,0,37.412875253828,JULY17,NITIKA,6515.0,['implementation']
9,0,23.376623376623,JULY17,EXPTREE,1046.0,"['numbertheory', 'math']"
10,0,15.367004790082,JULY17,CALC,4053.0,"['easy', 'math', 'simple-math']"
11,0,12.247973394305001,JULY17,IPCTRAIN,2109.0,"['stl', 'greedy', 'heap', 'easy']"
12,0,8.3581282120638,JULY17,TWOCOINS,265.0,"['tree-dp', 'dynamic-programming', 'easy-medium']"
13,0,1.5602836879433,JULY17,APRPS,29.0,"['fft', 'ntt', 'math', 'hard']"
14,0,42.303071906641,JULY17,SRVRS,163.0,"['challenge', 'datastructres', 'kdtree']"
15,0,0.55555555555556,LTIME49,SHDWCMP,3.0,"['segment-tree', 'partial-sums', 'binary-search', 'dfs', 'hard']"
16,0,18.217281061049,LTIME49,MAXSEGM,898.0,"['two-pointers', 'easy']"
17,0,30.012699308593,LTIME49,TWONMS,2065.0,"['cakewalk', 'simple-math']"
18,0,7.521186440678,LTIME49,COMPCLUB,64.0,"['medium', 'dfs', 'dp+trees', 'dynamic-programming']"
19,0,19.256756756757,COOK83,CENTREE,169.0,"['graph', 'ad-hoc', 'tree', 'constructive']"
20,0,5.119825708061,COOK83,KNICOV,68.0,"['dynamic-programming', 'bitmasks', 'easy-medium']"
21,0,52.647438656908996,COOK83,SNACKUP,1194.0,"['ad-hoc', 'easy', 'constructive']"
22,0,7.5709779179811,COOK83,ADADET,24.0,"['stack', 'medium', 'convex', 'hull', 'geometry']"
23,0,52.694174757282,COOK83,ADACRA,2143.0,['cakewalk']
24,0,1.3887370147621998,JUNE17,ES,99.0,"['number-theory', 'hard']"
25,0,46.420348645981996,JUNE17,GOODSET,8098.0,['cakewalk']
26,0,3.933804516462701,JUNE17,PRMQ,1002.0,"['medium', 'segment-tree']"
27,0,2.8021486123545003,JUNE17,CLONEME,242.0,"['medium-hard', 'segment-tree', 'polynomial']"
28,0,2.7737226277372002,JUNE17,OAK,38.0,"['hard', 'heavy-light']"
29,0,7.0391083532597,JUNE17,SUMQ,3173.0,['medium']
30,0,38.166510757717,JUNE17,XENRANK,6995.0,['simple']
31,0,17.72429976534,JUNE17,UNIONSET,3178.0,['medium']
32,0,15.273474549478,JUNE17,NEO01,4446.0,['easy']
33,0,12.884615384615,SNCKPB17,CAPTCITI,64.0,"['medium', 'snckpb17', 'sorting', 'tree-dp']"
34,0,32.274494769703004,SNCKPB17,SNELECT,5338.0,"['ad-hoc', 'easy', 'greedy', 'snckpb17']"
35,0,11.247161054605998,SNCKPB17,SNCOUP,2105.0,"['easy-medium', 'greedy', 'snckpb17']"
36,0,15.349311575727,SNCKPB17,SNSOCIAL,2193.0,"['bfs', 'easy-medium', 'graph-theory', 'snckpb17']"
37,0,29.164420485175,SNCKPB17,SNDISCUS,511.0,"['basic-math', 'greedy', 'proof', 'snckpb17']"
38,0,9.8827470686767,SNCKPB17,SNGRAPH,423.0,"['dsu', 'graph-theory', 'medium', 'snckpb17']"
39,0,16.371923427529993,SNCKPA17,PROTEPOI,844.0,"['easy-medium', 'geometry', 'greedy', 'snackdown', 'snckpa17', 'sorting']"
40,0,12.738520519299,SNCKPA17,CONSESNK,1358.0,"['easy', 'snackdown', 'snckpa17', 'ternary']"
41,0,74.585548952143,SNCKPA17,TEAMFORM,8901.0,"['cakewalk', 'snckpa17']"
42,0,13.121579823935,SNCKPA17,SNTEMPLE,2091.0,"['array', 'binary-search', 'easy', 'sequence', 'snckpa17']"
43,0,16.770186335404,SNCKPA17,GAMEBALL,390.0,"['implementation', 'medium', 'snackdown', 'snckpa17']"
44,0,17.560975609756,SNCKPA17,ISSNAKE,3789.0,"['dfs', 'easy', 'snackdown', 'snckpa17']"
45,0,38.109161793372,LTIME48,PREFINVS,1020.0,"['implementation', 'strings', 'easy']"
46,0,12.041884816754001,LTIME48,POSTTREE,20.0,"['lca', 'dfs', 'easy-medium']"
47,0,2.3255813953488,LTIME48,SUBINVER,7.0,"['medium-hard', 'persistence', 'segment-tree', 'hashes']"
48,0,0.38759689922481,LTIME48,TELEPORT,1.0,"['medium-hard', 'segment-tree']"
49,0,70.999346832136,COOK82,COOK82A,1075.0,['cakewalk']
50,0,20.423183072677,COOK82,COOK82B,221.0,"['prime-factorization', 'easy', 'simple-math']"
51,0,4.2553191489362,COOK82,COOK82C,34.0,"['easy-medium', 'queue']"
52,0,16.463414634145998,COOK82,COOK82D,54.0,"['medium', 'euler-tour', 'hashing']"
53,0,38.926497578,SNCKQL17,SNAKPROC,11776.0,"['cakewalk', 'implementation', 'snckql17', 'string']"
54,0,5.620864839319498,SNCKQL17,SNAKEEAT,1640.0,"['binary-search', 'easy', 'snckql17', 'sorting', 'vivek1_007']"
55,0,51.38258897418,SNCKQL17,TEMPLELA,10798.0,"['array', 'cakewalk', 'simple-math', 'snckql17']"
56,0,12.866497059682,SNCKQL17,SAMESNAK,2857.0,"['easy', 'grid', 'implementation', 'snckql17']"
57,0,15.151515151515,BITM2017,BITMASK3,55.0,"['binary-search', 'searching']"
58,0,51.29411764705901,BITM2017,BITMASK1,166.0,"['bitm2017', 'cakewalk']"
59,0,22.689075630252,BITM2017,BITMASK4,22.0,"['geometry', 'map', 'medium', 'sets']"
60,0,12.222222222222,BITM2017,BITMASK5,21.0,"['medium', 'segment-tree']"
61,0,86.574074074074,BITM2017,BITMASK2,152.0,"['bitm2017', 'easy', 'sorting', 'vectors']"
62,0,5.2152211387552,MAY17,CHEFSUBA,1843.0,['long-contest']
63,0,34.649484036626,MAY17,CHEFROUT,6597.0,['long-contest']
64,0,40.358773646444995,MAY17,UNICOURS,5660.0,['long-contest']
65,0,41.734308446515996,MAY17,MXMEDIAN,4765.0,['long-contest']
66,0,6.0033966586358,MAY17,CHEFCODE,1296.0,['long-contest']
67,0,9.6741292263756,MAY17,WSITES01,1703.0,['long-contest']
68,0,2.3713128976287003,MAY17,KILLER,29.0,"['tree-dp', 'hld', 'convex-hull']"
69,0,7.9584775086505,LTIME47,DIGVIRUS,45.0,"['medium', 'ad-hoc', 'bfs']"
70,0,5.0,LTIME47,BEARSEG,118.0,"['bst', 'easy-medium', 'partial-sums']"
71,0,1.4525139664803999,LTIME47,CLOSESTQ,12.0,"['divide-and-conquer', 'medium-hard', 'sqrt', 'sets']"
72,0,53.043478260869996,LTIME47,SEGM01,1317.0,"['cakewalk', 'linear-search']"
73,0,1.1844331641286001,COOK81,XORSUMS,7.0,"['medium', 'segment-tree']"
74,0,1.1904761904762,COOK81,BESTTRI,1.0,"['medium-hard', 'geometry']"
75,0,35.071090047393,COOK81,SHOPTRIP,73.0,"['dp+bitmask', 'easy']"
76,0,72.131147540984,COOK81,CANDY123,1384.0,['cakewalk']
77,0,33.757961783439,COOK81,ABREPEAT,568.0,['simple']
78,0,9.878419452887501,APRIL17,SMARKET,793.0,"['medium', 'segment-tree']"
79,0,28.558605729673,APRIL17,ROWSOLD,3587.0,['greedy']
80,0,8.1169312954444,APRIL17,CLIQUED,1448.0,"['graph-theory', 'easy']"
81,0,60.15252621544301,APRIL17,SEABIL,210.0,['challenge']
82,0,38.253968253968,ICL2017,ICL1701,472.0,"['likecs', 'looping']"
83,0,16.396396396396,ICL2017,ICL1704,178.0,"['priority', 'easy']"
84,0,7.547169811320798,ICL2017,ICL1702,8.0,"['matrix-expo', 'modular-arith']"
85,0,2.0833333333333,ICL2017,ICL1706,2.0,"['likecs', 'derivative', 'arithmetic', 'hard']"
86,0,22.222222222221998,ICL2017,ICL1703,18.0,"['medium', 'modular-arith']"
87,0,16.0,ICL2017,ICL1705,4.0,"['medium-hard', 'auxiliary-tree']"
88,0,59.617635583301,LTIME46,BRLADDER,1494.0,['cakewalk']
89,0,57.718120805369,LTIME46,SPECIES,272.0,"['flood_fill_algorithm', 'simple', 'dfs', 'graph']"
90,0,7.894736842105299,LTIME46,HAIRCUT,30.0,"['dynamic-programming', 'medium']"
91,0,0.25252525252525004,LTIME46,ALMROW,1.0,"['shortest-path', 'floyd-warshall', 'hard']"
92,0,27.829698857736002,COOK80,ROBOTG,1040.0,"['bruteforce', 'easy', 'string']"
93,0,71.698113207547,COOK80,INCXOR,37.0,"['medium-hard', 'bitmasks', 'digit-dp']"
94,0,49.775784753363,COOK80,CARDS777,219.0,"['medium', 'expected-value']"
95,0,20.0,COOK80,MEETUP,10.0,"['divide-and-conq', 'interactive', 'hard']"
96,0,55.439330543933,COOK80,RAINBOW,264.0,"['greedy', 'easy-medium', 'graph']"
97,0,5.5011303692540015,MARCH17,SCHEDULE,966.0,"['binary-search', 'easy']"
98,0,7.3563990594558,MARCH17,FAVGAME,188.0,"['dp+bitmask', 'tree', 'medium', 'dynamic-programming', 'dfs']"
99,0,1.2912151256628999,MARCH17,SUMDIS,40.0,"['hard', 'graph', 'divide-and-conq', 'geometry']"
100,0,25.149700598802,MARCH17,TUPLES2,29.0,"['dynamic-programming', 'tree', 'hard']"
101,0,47.764572722128,MARCH17,XENTASK,6900.0,"['basic-prog', 'cakewalk']"
102,0,14.520688768954,MARCH17,PSHTBRTH,499.0,"['medium', 'sprague-grundy', 'game-theory', 'segment-tree']"
103,0,38.040735954709994,MARCH17,EXTRAN,5882.0,"['simple', 'sorting']"
104,0,6.1497326203209015,MARCH17,BEARTRAP,39.0,"['hard', 'interactive']"
105,0,77.632830547629,MARCH17,SORTROW,1853.0,"['challenge', 'dynamic-programming', 'optimization']"
106,0,48.612562405666,MARCH17,BANDMATR,3954.0,"['simple', 'basic-prog', 'matrix']"
107,0,10.295769374766001,LTIME45,QHOUSE,267.0,"['binary-search', 'easy']"
108,0,37.561942517344,LTIME45,COOMILK,1111.0,['cakewalk']
109,0,7.1301247771836,LTIME45,BRIBETR,40.0,"['dynamic-programming', 'two-pointers', 'medium']"
110,0,11.194029850746,LTIME45,OVERPNT,29.0,['medium-hard']
111,0,55.721174923279,COOK79,DWNLD,1246.0,['cakewalk']
112,0,9.1304347826087,COOK79,ADDMULT,21.0,"['medium', 'game-theory', 'ad-hoc']"
113,0,25.581395348837,COOK79,MIXFLVOR,11.0,"['medium-hard', 'two-pointers', 'gauss-elim']"
114,0,19.039869812856,COOK79,CHAIRS,230.0,['simple']
115,0,10.607621009269,COOK79,COOKGAME,101.0,['easy-medium']
116,0,6.4867935245669015,FEB17,MAKETRI,1950.0,"['maths', 'stl']"
117,0,6.2275289626703,FEB17,MFREQ,1241.0,"['ad-hoc', 'implementation']"
118,0,3.864406779661,LTIME44,SEALUP,106.0,"['dynamic-programming', 'geometry', 'easy']"
119,0,28.226887003126002,LTIME44,NOTINCOM,1194.0,"['basic-prog', 'cakewalk', 'sets']"
120,0,3.726708074534201,LTIME44,IMPROVE,6.0,"['medium-hard', 'permutation']"
121,0,5.0909090909091,LTIME44,SEGMENTQ,26.0,"['medium-hard', 'segment-tree', 'range-queries']"
122,0,6.222222222222201,COOK78,DIGITLIS,14.0,"['dp+bitmask', 'easy-medium', 'lis']"
123,0,3.0612244897959,COOK78,XRGRD,3.0,"['fractals', 'maths', 'easy-medium', 'bitwise-operatn']"
124,0,11.165048543689,COOK78,MTRNSFRM,23.0,"['ad-hoc', 'easy', 'math', 'median']"
125,0,59.322033898304994,COOK78,LISDIGIT,975.0,"['cakewalk', 'lis', 'constructive']"
126,0,0.0,COOK78,UNGAME,0.0,"['medium-hard', 'fractals', 'dynamic-programming', 'math']"
127,0,41.875825627477,COSE2017,GGSQR,310.0,"['basic-prog', 'cakewalk']"
128,0,31.630971993409997,COSE2017,GGBUNNY,188.0,"['binary-search', 'easy', 'maths']"
129,0,13.207547169811,COSE2017,GGSPAG,47.0,"['easy-medium', 'primenumbers', 'segment-tree', 'sieve']"
130,0,21.071428571429,COSE2017,GGCURR,57.0,"['easy-medium', 'euclidean', 'maths', 'number-theory']"
131,0,37.735849056603996,COSE2017,GGBHAI,59.0,"['bfs', 'easy-medium', 'expected-value', 'tree']"
132,0,14.942528735632,LTC2017,COLGQU,13.0,"['dfs', 'easy', 'union-find']"
133,0,9.022556390977401,LTC2017,WGME,24.0,"['dp+bitmask', 'sprague-grundy']"
134,0,22.222222222221998,LTC2017,OSQUE,14.0,['dynamic-programming']
135,0,74.074074074074,LTC2017,MFQUE,175.0,['easy-medium']
136,0,42.222222222222,LTC2017,PARQUE,205.0,"['simple-easy', 'string', 'tejaram15']"
137,0,13.454634865994999,JAN17,CAPIMOVE,2482.0,"['heap', 'tree', 'data-structure', 'simple', 'sorting', 'sets']"
138,0,16.797027766914,JAN17,CATSDOGS,5533.0,"['ad-hoc', 'cakewalk']"
139,0,3.3917682926829,JAN17,SEABOX,71.0,"['medium-hard', 'knapsack', 'ad-hoc', 'dynamic-programming']"
140,0,4.1315345699831,JAN17,TUPLES,31.0,"['fft', 'mobius_function', 'primitive-root', 'number-theory', 'hard']"
141,0,5.0542045121594015,JAN17,CHEFCIRC,271.0,"['line-sweep', 'medium', 'geometry', 'binary-search']"
142,0,1.7741681122851003,JAN17,FOURSQ,173.0,"['data-structure', 'four-square', 'segment-tree', 'lagrange']"
143,0,6.8308034061459,JAN17,DIGITSEP,331.0,"['medium', 'dynamic-programming', 'ad-hoc', 'gcd']"
144,0,17.976904845948,JAN17,RESERVOI,3227.0,"['simple', 'ad-hoc']"
145,0,3.7090500822006,JAN17,TOURISTS,807.0,"['eulerian', 'graph', 'easy']"
146,0,50.717703349282,KQPM2017,DISTINCT,103.0,"['bruteforce', 'cakewalk']"
147,0,85.034013605442,KQPM2017,SUMALPHA,122.0,"['bruteforce', 'cakewalk']"
148,0,23.064918851436,LTIME43,SUPVIL,725.0,"['basic-prog', 'cakewalk']"
149,0,7.1619217081850985,LTIME43,FLYMODE,158.0,"['line-sweep', 'simple', 'sorting']"
150,0,2.3017902813299,LTIME43,MSTQS,9.0,"['kruskal', 'medium', 'mst', 'graph']"
151,0,1.1834319526627,LTIME43,SBSWAP,2.0,"['link-cut-tree', 'medium-hard', 'treap', 'tree']"
152,0,13.559322033898,KOL16MOS,KOL16A,8.0,"['dynamic-programming', 'medium']"
153,0,54.333333333332995,KOL16MOS,KOL16B,159.0,"['cakewalk', 'bitwise']"
154,0,9.6774193548387,KOL16MOS,KOL16C,3.0,"['binary-search', 'hard']"
155,0,0.0,KOL16MOS,KOL16D,0.0,['hard']
156,0,17.127071823204,KOL16MOS,KOL16E,30.0,"['medium', 'number-theory', 'modular-arith']"
157,0,10.619469026549,KOL16MOS,KOL16F,36.0,"['easy', 'string']"
158,0,0.0,KOL16MOS,KOL16G,0.0,"['geometry', 'integrals', 'hard']"
159,0,33.787465940054,KOL16MOS,KOL16H,121.0,"['easy', 'binary']"
160,0,14.285714285713999,KOL16MOS,KOL16I,1.0,"['graph', 'hard']"
161,0,22.5,KOL16MOS,KOL16K,9.0,"['dynamic-programming', 'geometry']"
162,0,51.646447140381,BITF2016,THESAV,292.0,"['bitf2016', 'easy', 'stack']"
163,0,47.672778561354,BITF2016,SPECRK,335.0,"['bit', 'bitf2016', 'easy', 'manipulation', 'xor']"
164,0,11.631419939577,BITF2016,APJSWG,75.0,"['bitf2016', 'bubblesort', 'easy']"
165,0,1.7064846416382,BITF2016,JUMBSTRY,5.0,"['bitf2016', 'dynamic-programming', 'medium', 'stacks']"
166,0,3.7296037296037,BITF2016,DMNTION,16.0,"['bitf2016', 'dynamic-programming', 'medium']"
167,0,11.332007952286,AMR16MOS,AMR16C,53.0,"['amr16', 'binary-search', 'easy', 'icpc2016', 'sorting']"
168,0,50.0,AMR16MOS,AMR16F,2.0,"['amr16', 'icpc2016']"
169,0,50.0,AMR16MOS,AMR16E,1.0,"['amritapuri', 'graph', 'union-find']"
170,0,37.623762376238,AMR16MOS,AMR16H,108.0,"['amr16', 'icpc2016']"
171,0,17.985611510791,AMR16MOS,AMR16I,25.0,"['amr16', 'amr16mos', 'icpc2016']"
172,0,20.454545454545,AMR16MOS,AMR16J,9.0,"['amr16', 'icpc2016']"
173,0,43.57912178956101,COOK77,CHEFSETC,1035.0,"['bruteforce', 'bitmasks', 'cakewalk']"
174,0,13.751087902523999,COOK77,CHEFARRB,157.0,"['easy', 'linear-search', 'bitwise']"
175,0,5.0445103857567,COOK77,CHEFNUMK,17.0,"['easy-medium', 'query']"
176,0,0.0,COOK77,CHEFTRI4,0.0,"['geometry', 'ad-hoc', 'hard']"
177,0,7.0,COOK77,CHEFINS,31.0,"['fft', 'medium']"
178,0,7.1428571428571,KGP16MOS,KGP16A,1.0,"['dynamic-programming', 'icpc16', 'vijju123']"
179,0,3.030303030303,KGP16MOS,KGP16B,1.0,"['geometry', 'icpc16', 'point_in_polygon', 'mathspuzzle']"
180,0,2.5641025641026003,KGP16MOS,KGP16C,1.0,"['implementation', 'greedy', 'icpc16']"
181,0,11.111111111110999,KGP16MOS,KGP16D,10.0,"['array', 'constructive', 'icpc16', 'looping']"
182,0,12.529002320186,KGP16MOS,KGP16F,54.0,"['programming', 'dynamic-programming', 'dynamic', 'icpc16']"
183,0,0.0,KGP16MOS,KGP16G,0.0,"['bfs', 'brute-force', 'pre-processing', 'probability', 'binary-search', 'expected-value', 'icpc16']"
184,0,15.789473684210998,KGP16MOS,KGP16J,3.0,"['graph-theory', 'mincut-maxflow', 'bellman-ford']"
185,0,7.8632478632479,DEC16,CHEFAFD,79.0,"['maxflow', 'matching', 'hamiltonian', 'hopcroft-karp']"
186,0,1.4202383971595,DEC16,SEAINCR,50.0,"['fenwick-tree', 'dynamic-programming', 'sereja', 'analysis']"
187,0,59.217243335224,LTIME42,CHEFSTUD,1007.0,['cakewalk']
188,0,7.3610415623435,LTIME42,CHEFSSET,141.0,"['number-theory', 'prime']"
189,0,6.4516129032258,LTIME42,BALANPOL,10.0,"['dynamic-programming', 'geometry']"
190,0,6.3636363636364015,LTIME42,TOMJERGA,20.0,"['lca', 'medium-hard', 'tree']"
191,0,1.186943620178,COOK76,SEQUAT2,4.0,"['medium-hard', 'sieve', 'bitwise']"
192,0,2.8066528066528,COOK76,SECUBE,27.0,"['easy-medium', 'modular-arith']"
193,0,21.112515802781,COOK76,SEBIHWY,491.0,"['ad-hoc', 'cakewalk']"
194,0,45.454545454545,COOK76,SELECT,10.0,"['medium', 'backtracking']"
195,0,13.392857142857,COOK76,SETELE,45.0,"['easy-medium', 'union-find']"
196,0,20.651032551628,NOV16,CPERM,2249.0,"['fast-expo', 'easy']"
197,0,15.807860262009001,NOV16,FRIEMEET,644.0,"['medium', 'dfs', 'tree']"
198,0,7.0588235294118,NOV16,URBANDEV,374.0,"['line-sweep', 'medium', 'segment-tree']"
199,0,12.806577480490999,NOV16,GIFTCHEF,823.0,"['dynamic-programming', 'easy', 'kmp']"
200,0,5.549898167006099,NOV16,KIRMEME,85.0,"['medium-hard', 'divide-and-conq', 'tree']"
201,0,38.156424581006,NOV16,CHSQR,2601.0,"['simple', 'basic-prog']"
202,0,3.8043478260869996,NOV16,BIKE,19.0,"['maths', 'matrix-expo', 'hard']"
203,0,1.2878787878788,NOV16,SEAPERM3,16.0,"['dynamic-programming', 'matrix-expo', 'hard']"
204,0,17.121227313747,NOV16,ALEXTASK,3200.0,"['simple', 'basic-prog', 'lcm']"
205,0,1.4739229024943,LTIME41,RESTPERM,13.0,"['recursion', 'divide-and-conq']"
206,0,2.6988636363636,LTIME41,FFCOMB,37.0,"['dynamic-programming', 'bits']"
207,0,22.167950403908,LTIME41,BOUQUET,1160.0,['cakewalk']
208,0,2.4299065420561,LTIME41,COUNTIES,12.0,['medium']
209,0,18.827930174564,COOK75,UGLYF,293.0,"['binary-search', 'easy-medium']"
210,0,57.722477684609004,COOK75,PERMEXIS,1666.0,"['simple', 'logic', 'sorting']"
211,0,3.1042128603104002,COOK75,COUNTWAY,14.0,"['fft', 'medium-hard', 'divide-and-conq']"
212,0,48.163265306122,COOK75,BOOKCHEF,1049.0,"['cakewalk', 'sorting']"
213,0,16.25,COOK75,SWINDOW,13.0,"['medium', 'two-pointers', 'segment-tree']"
214,0,65.088419851683,TSTIND16,AMR15A,1100.0,"['simple', 'simulation', 'easy']"
215,0,18.143459915612,TSTIND16,AMR15B,168.0,"['medium', 'number-theory']"
216,0,0.0,TSTIND16,CHN15E,0.0,"['graph-sqrt', 'graph', 'tree', 'hard']"
217,0,41.891891891892,TSTIND16,CHN15F,30.0,"['medium-hard', 'bitmasks', 'dynamic-programming']"
218,0,64.994026284349,TSTIND16,KOL15A,1044.0,"['simple', 'conversion', 'strings']"
219,0,36.893203883495005,TSTIND16,KOL15B,362.0,"['kadane', 'maximum', 'maxsum', 'dynamic-programming', 'maximum-sum', 'easy']"
220,0,59.444444444443995,NPLQ1602,NPLFLA,104.0,"['basic-prog', 'nplq1602', 'string']"
221,0,14.814814814815,NPLQ1602,NPLFLD,16.0,"['bfs', 'dynamic-programming', 'memoization', 'nplq1602']"
222,0,16.447368421053,NPLQ1602,NPLFLC,25.0,"['binary-search', 'fenwick-tree', 'nplq1602', 'segment-tree', 'suffix']"
223,0,37.719298245614,NPLQ1602,NPLFLB,83.0,"['array', 'basic-prog', 'nplq1602']"
224,0,30.0,NPLQ1602,NPLFLF,3.0,"['easy-medium', 'nplq1601', 'strings', 'trie']"
225,0,8.3333333333333,NPLQ1602,NPLFLE,1.0,"['lis', 'nplq1602', 'subset']"
226,0,12.585034013605002,NPLQ1601,RRTREGAM,36.0,"['easy-medium', 'game', 'grundy', 'numbers', 'theory']"
227,0,53.510638297872,NPLQ1601,NPLELA,479.0,"['basic-prog', 'sorting']"
228,0,9.523809523809499,NPLQ1601,NPLELD,17.0,"['maths', 'nplq1601', 'number-theory']"
229,0,41.538461538462,NPLQ1601,NPLELE,26.0,"['graphs', 'lazy', 'nplq1601', 'or', 'propagation', 'segment', 'tree']"
230,0,50.99337748344401,NPLQ1601,NPLELB,302.0,"['implementation', 'nplq1601']"
231,0,0.0,NPLQ1601,NPLELF,0.0,"['bipartite', 'edge-cover', 'graphs', 'prime']"
232,0,68.508997429306,NPLQ1601,NPLELG,508.0,"['cakewalk', 'nplq1601']"
233,0,2.9951690821256,OCT16,SEASTONE,86.0,"['dynamic-programming', 'medium']"
234,0,26.509124941507,OCT16,CHEFKEY,5278.0,"['loop', 'cakewalk', 'factorization', 'simple-math']"
235,0,2.4510301431036003,OCT16,BGQRS,371.0,['chasethered']
236,0,14.235831318829,OCT16,FENWITER,1999.0,"['easy', 'bit']"
237,0,25.998753329178,OCT16,CHDOGS,4314.0,"['simple', 'symmetry', 'trigonometry']"
238,0,1.9812680115274,OCT16,POWSUMS,45.0,"['dynamic-programming', 'matrix-expo', 'medium-hard']"
239,0,6.5855008301051,OCT16,CHEFTWOS,507.0,"['dynamic-programming', 'easy']"
240,0,1.8162393162393,OCT16,TREEBAL,13.0,"['binary-search', 'dynamic-programming', 'hard']"
241,0,0.6484483557202401,OCT16,GEOCHEAT,24.0,"['convex-hull', 'random', 'convex', 'geometry', 'hard']"
242,0,3.8461538461538,IPC15CMR,LBRACKET,3.0,"['data-structure', 'medium-hard', 'segment-tree']"
243,0,100.0,IPC15CMR,LEMPLOY,1.0,"['graph', 'hard', 'maxflow', 'mincut-maxflow']"
244,0,19.69696969697,IPC15CMR,ALTREE,13.0,"['dp+bitmask', 'graph']"
245,0,25.547445255474,IPC15CMR,MINWALK,33.0,"['dijkstra', 'easy-medium', 'graph', 'shortest-path']"
246,0,25.0,IPC15CMR,SVENGY,14.0,['greedy']
247,0,17.021276595745,IPC15FLC,LBRACKET,8.0,"['data-structure', 'medium-hard', 'segment-tree']"
248,0,15.384615384615,IPC15FLC,LEMPLOY,2.0,"['graph', 'hard', 'maxflow', 'mincut-maxflow']"
249,0,35.802469135802,IPC15FLC,ALTREE,27.0,"['dp+bitmask', 'graph']"
250,0,32.142857142857,IPC15FLC,MINWALK,35.0,"['dijkstra', 'easy-medium', 'graph', 'shortest-path']"
251,0,38.775510204081996,IPC15FLC,SVENGY,18.0,['greedy']
252,0,18.75,IPC15BMR,CHEFEXAM,140.0,"['easy', 'ipc15flb', 'sorting']"
253,0,18.181818181818,IPC15BMR,CHEFCOL,2.0,"['dynamic-programming', 'ipc15flb', 'medium']"
254,0,3.2258064516129,IPC15BMR,MINMAGIC,1.0,"['ipc15flb', 'medium', 'segment-tree']"
255,0,48.453608247423,IPC15FLB,CHEFEXAM,47.0,"['easy', 'ipc15flb', 'sorting']"
256,0,31.25,IPC15FLB,CHEFCOL,10.0,"['dynamic-programming', 'ipc15flb', 'medium']"
257,0,45.454545454545,IPC15FLB,MINMAGIC,5.0,"['ipc15flb', 'medium', 'segment-tree']"
258,0,29.802955665025,KJCS16,SGRSTR,118.0,"['easy', 'kjcs16', 'modulo', 'strings']"
259,0,68.965517241379,KJCS16,VIACST,20.0,"['dynamic-programming', 'graph', 'kjcs16']"
260,0,14.4,IPC15AMR,ASYA2,275.0,['bitwise']
261,0,22.727272727273,IPC15AMR,ASYAPATH,5.0,['dynamic-programming']
262,0,15.47619047619,IPC15AMR,DIAGON,13.0,"['easy', 'implementation', 'ipc15amr']"
263,0,0.0,IPC15AMR,HIKARU,0.0,"['graphs', 'hard', 'maxflow']"
264,0,30.882352941176,IPC15AMR,TREE02,20.0,"['binary-search', 'dfs', 'tree']"
265,0,33.333333333333,IPC15AMR,BOBPRIME,2.0,"['inclusn-exclusn', 'mobius_function', 'number-theory']"
266,0,15.0,IPC15AMR,LUFFY,3.0,"['dfs', 'ipc15amr', 'medium']"
267,0,53.90625,IPC15FLA,ASYA2,68.0,['bitwise']
268,0,25.0,IPC15FLA,ASYAPATH,13.0,['dynamic-programming']
269,0,35.616438356164,IPC15FLA,DIAGON,26.0,"['easy', 'implementation', 'ipc15amr']"
270,0,0.0,IPC15FLA,HIKARU,0.0,"['graphs', 'hard', 'maxflow']"
271,0,26.530612244898,IPC15FLA,TREE02,26.0,"['binary-search', 'dfs', 'tree']"
272,0,20.689655172414,IPC15FLA,BOBPRIME,6.0,"['inclusn-exclusn', 'mobius_function', 'number-theory']"
273,0,11.627906976744,IPC15FLA,LUFFY,5.0,"['dfs', 'ipc15amr', 'medium']"
274,0,19.922905254616,LTIME40,LTM40AB,963.0,"['basic-math', 'cakewalk']"
275,0,0.59171597633136,LTIME40,LTM40CD,9.0,"['geometry', 'ad-hoc', 'easy', 'math']"
276,0,2.5236593059937005,LTIME40,LTM40EF,8.0,"['binary-search', 'medium', 'meet-in-middle']"
277,0,3.4990791896868996,LTIME40,LTM40GH,19.0,"['lca', 'tree', 'optimization', 'medium', 'xor']"
278,0,20.435510887772,COWS2016,CVW,226.0,"['array', 'medium', 'traversal']"
279,0,64.83353151010701,COOK74,TALAZY,2137.0,"['ad-hoc', 'cakewalk']"
280,0,16.730401529637,COOK74,TAASEQ,518.0,"['dynamic-programming', 'easy']"
281,0,18.976897689769,COOK74,TACNTSTR,224.0,"['dynamic-programming', 'medium']"
282,0,8.4210526315789,COOK74,TACTQUER,8.0,"['dynamic-programming', 'graph', 'hard']"
283,0,24.825986078886,COOK74,TAPOINT,103.0,"['medium', 'geometry', 'math']"
284,0,37.209302325581,GSTS1601,BUG2K16C,76.0,"['dynamic-programming', 'easy']"
285,0,5.8139534883721,INSQ2016,INSQ16F,9.0,['suffix-array']
286,0,19.987623762376,INSQ2016,INSQ16A,313.0,"['mnnit', 'ad-hoc']"
287,0,22.12389380531,INSQ2016,INSQ16C,74.0,"['dp+bitmask', 'mnnit']"
288,0,41.052631578947,INSQ2016,INSQ16E,39.0,"['lca', 'mnnit', 'insq16', 'bridges']"
289,0,20.134874759152,INSQ2016,INSQ16B,199.0,['ad-hoc']
290,0,13.207547169811,INSQ2016,INSQ16D,21.0,"['mnnit', 'dp+probability']"
291,0,7.1428571428571,INSQ2016,INSQ16G,3.0,"['line-sweep', 'mnnit', 'geometry']"
292,0,25.0,INSQ2016,INSQ16H,2.0,"['number-theory', 'mnnit', 'min-cost-flow']"
293,0,6.4126863785695996,SEPT16,CHFNFRN,1761.0,"['bipartite', 'easy']"
294,0,4.1643808288863,SEPT16,DIVMAC,1251.0,"['medium', 'segment-tree']"
295,0,31.558988764045,SEPT16,LONGSEQ,8431.0,"['ad-hoc', 'cakewalk', 'string']"
296,0,42.56625727214,SEPT16,LEXOPAL,7436.0,"['ad-hoc', 'easy', 'string']"
297,0,2.3005565862708997,SEPT16,CIRCLEQ,42.0,['medium-hard']
298,0,10.275530839232,SEPT16,JTREE,659.0,"['medium', 'list']"
299,0,19.086880346285,SEPT16,RESCALC,5095.0,"['basic-math', 'ad-hoc', 'easy', 'bitset']"
300,0,5.490848585690499,SEPT16,CHEFKC,27.0,"['mincut-maxflow', 'hard']"
301,0,47.71059954465,LTIME39,ALPHABET,1851.0,"['implementation', 'cakewalk', 'strings']"
302,0,2.317880794702,LTIME39,AVGSHORT,13.0,"['shortest-path', 'easy-medium', 'graph', 'bellman-ford']"
303,0,4.5454545454545,LTIME39,TREEDIAM,10.0,"['lca', 'medium', 'union-find', 'tree']"
304,0,4.9110320284697995,LTIME39,LFSTACK,200.0,"['simple-easy', 'dynamic-programming', 'recursion', 'memoization']"
305,0,1.5957446808511,COOK73,ALICE,3.0,"['easy-medium', 'constructive', 'gcd']"
306,0,30.565823144726,COOK73,TWEED,1061.0,"['cakewalk', 'game-theory', 'parity']"
307,0,13.382899628253,COOK73,MADHAT,35.0,"['maths', 'easy-medium']"
308,0,13.636363636363999,COOK73,MCKTUR,15.0,"['medium', 'catalan']"
309,0,16.666666666667,COOK73,QUEHEA,9.0,"['medium-hard', 'data-structure', 'segment-tree', 'qeahea']"
310,0,56.26102292769,PROC2016,PRCS16A,614.0,"['ad-hoc', 'cakewalk', 'proc2016']"
311,0,6.1354581673307,PROC2016,PRCS16B,73.0,"['array', 'easy', 'proc2016']"
312,0,12.307692307692001,PROC2016,PRCS16C,16.0,"['bfs', 'bitmasks', 'easy-medium', 'graphs', 'proc2016']"
313,0,1.4814814814815,PROC2016,PRCS16D,1.0,"['bit', 'medium', 'offline', 'proc2016']"
314,0,5.1282051282050976,PROC2016,PRCS16E,2.0,"['medium-hard', 'proc2016', 'segment-tree']"
315,0,0.0,PROC2016,PRCS16F,0.0,"['dfs-order', 'hard', 'proc2016', 'tree']"
316,0,11.320754716981002,GSTS2016,GSRM01A,42.0,"['ad-hoc', 'easy', 'gsts2016']"
317,0,5.9279525763794005,AUG16,CHAHG,448.0,['easy']
318,0,76.498204915769,AUG16,EBOLA,280.0,"['challenge', 'researching']"
319,0,6.9996858309771,AUG16,CHEFCRUN,992.0,"['prefix-sum', 'easy']"
320,0,30.612474667868,AUG16,CHCHCL,5135.0,['cakewalk']
321,0,9.183513555869,AUG16,CHEFRRUN,1827.0,"['simple', 'graph']"
322,0,5.3319919517103,AUG16,SHAIKHGN,227.0,"['medium', 'bitset']"
323,0,7.1768266320795,AUG16,MAXGRID,145.0,"['medium', 'sweepline', 'segment-tree']"
324,0,4.1206030150754,AUG16,TRICONT,15.0,"['binary-search', 'hard']"
325,0,4.0423484119346,AUG16,CHEFTRE,17.0,"['heavy-light', 'segment-tree', 'hard']"
326,0,1.9931548218239998,AUG16,GOODPROB,53.0,"['medium-hard', 'submask-sum']"
327,0,3.0927835051546,LTIME38,CHEFCLOS,18.0,"['dp+bitmask', 'dynamic-programming', 'hard']"
328,0,38.519706691109,LTIME38,STUDVOTE,1645.0,"['ad-hoc', 'cakewalk']"
329,0,13.117811625738002,LTIME38,LUMPYBUS,815.0,"['greedy', 'easy']"
330,0,2.3890784982935,LTIME38,CLOSEFAR,12.0,"['optimization', 'lunchtime', 'data-structure', 'mo-algorithm']"
331,0,18.914845516202,PROC1601,PRCN16A,242.0,"['easy', 'factors', 'proc1601']"
332,0,17.90017211704,PROC1601,PRCN16B,200.0,"['easy', 'modulo', 'proc1601']"
333,0,50.778070385444,COOK72,CHEFCBA,1875.0,"['simple', 'ad-hoc']"
334,0,49.323867478025996,COOK72,CHEFFED,1368.0,"['ad-hoc', 'easy']"
335,0,17.181208053691,COOK72,CHEFIHG,127.0,"['easy-medium', 'graph', 'bfs']"
336,0,6.9984447900467,COOK72,CHEFLKJ,44.0,"['medium', 'segment-tree']"
337,0,30.612244897959,COOK72,CHEFONM,15.0,"['gauss-elim', 'permutation', 'probability', 'expected-value', 'hard']"
338,0,11.278195488722,UEMK2016,UEMP01,109.0,"['input', 'math', 'processing']"
339,0,24.773960216998,UEMK2016,UEMP02,128.0,"['input', 'math', 'processing']"
340,0,25.629526155203,JULY16,EGRANDR,6383.0,"['basic-prog', 'cakewalk']"
341,0,8.3854818523154,JULY16,CHSGMNTS,613.0,"['dynamic-programming', 'medium']"
342,0,8.2377763507935,JULY16,CHEFTET,1553.0,"['simple', 'simple-math']"
343,0,3.0533315239517003,JULY16,WORKCHEF,170.0,"['medium', 'maths', 'digit-dp']"
344,0,0.9433962264150899,JULY16,POLYEVAL,86.0,"['fft', 'simple']"
345,0,10.59806161847,JULY16,CHEFARC,1215.0,"['easy', 'bfs']"
346,0,12.551394845042,JULY16,CHEFELEC,2622.0,"['simple', 'greedy']"
347,0,2.4520255863539,JULY16,CHEFPOL,21.0,"['burnside', 'hard']"
348,0,3.4754098360656,JULY16,ALLPOLY,37.0,"['kernel-polygon', 'hard']"
349,0,69.38110749185701,JULY16,CLUSSCHE,230.0,"['challenge', 'greedy', 'randomized']"
350,0,38.55748373102,COOK71,STICKS,1396.0,"['simple', 'greedy']"
351,0,39.66588966589,COOK71,RIGHTTRI,989.0,"['binary-search', 'easy']"
352,0,14.965986394558001,COOK71,CAKECUT,22.0,"['easy-medium', 'bitwise-operatn']"
353,0,5.3388090349076,COOK71,CHEFLAND,51.0,"['medium-hard', 'graph', 'bridges']"
354,0,6.6997518610422,COOK71,ANDMIN,27.0,"['medium', 'bitwise-operatn', 'segment-tree']"
355,0,32.537088257480995,LTIME37,LCOLLIS,1276.0,"['basic-implement', 'cakewalk']"
356,0,52.376085845682,LTIME37,OMWG,1006.0,"['simple', 'basic-graph', 'trial-error']"
357,0,1.9286567673663997,LTIME37,SQNUMBF,111.0,"['medium', 'number-theory']"
358,0,4.2813455657492,LTIME37,TRAVTREE,13.0,"['subtree-sum', 'lca', 'med-hard']"
359,0,12.623762376238,SNCKEL16,SEGSUMQ,100.0,"['cross-product', 'medium', 'segment-tree', 'snckel16']"
360,0,11.133360032038,SNCKEL16,RWALK,275.0,"['dynamic-programming', 'easy', 'snckel16']"
361,0,17.303474546924,SNCKEL16,VCAKE,1472.0,"['modulo-ops', 'simple', 'snckel16']"
362,0,15.909090909091,SNCKEL16,MAZETRAV,20.0,"['dynamic-programming', 'lca', 'medium-hard', 'snckel16']"
363,0,16.666666666667,SNCKEL16,ALLIANCE,40.0,"['binary-search', 'lca', 'snckel16']"
364,0,12.336601307189998,SNCKEL16,ARITHM,1028.0,"['arithmetic', 'simple', 'snckel16']"
365,0,9.090909090909099,SNCKEL16,CUBTOWER,11.0,"['medium-hard', 'range-tree', 'snckel16']"
366,0,8.908045977011499,SNCKEL16,NUMSET,122.0,"['dynamic-programming', 'easy-medium', 'prime-factor', 'snckel16']"
367,0,46.732026143790996,SNCKEL16,COLTREE,428.0,"['dynamic-programming', 'easy-medium', 'snckel16']"
368,0,5.699481865285,SNPB16RP,MMPROD,10.0,"['greedy', 'simple', 'snckpb16']"
369,0,9.090909090909099,SNPB16RP,FAIRPAIR,3.0,"['easy', 'greedy', 'snckpb16']"
370,0,12.5,SNPB16RP,LISLDS,7.0,"['lis', 'medium', 'snckpb16']"
371,0,22.222222222221998,SNPB16RP,REGIONS,2.0,"['bfs', 'dfs', 'memoization', 'snckpb16', 'tree']"
372,0,6.25,SNPB16RP,MINSHIFT,2.0,"['medium', 'segment-tree', 'snckpb16']"
373,0,20.700636942675,SNPB16RP,ENTEXAM,63.0,"['loop', 'simple', 'snckpb16']"
374,0,3.4082106893881,SNCKPB16,MMPROD,170.0,"['greedy', 'simple', 'snckpb16']"
375,0,6.1143984220907,SNCKPB16,FAIRPAIR,59.0,"['easy', 'greedy', 'snckpb16']"
376,0,9.5100864553314,SNCKPB16,LISLDS,31.0,"['lis', 'medium', 'snckpb16']"
377,0,7.5757575757576,SNCKPB16,REGIONS,5.0,"['bfs', 'dfs', 'memoization', 'snckpb16', 'tree']"
378,0,0.7117437722419899,SNCKPB16,MINSHIFT,6.0,"['medium', 'segment-tree', 'snckpb16']"
379,0,14.23835571026,SNCKPB16,ENTEXAM,1635.0,"['loop', 'simple', 'snckpb16']"
380,0,8.2063711911357,SNCKPA16,CHSPARR,232.0,"['algebra', 'medium', 'series', 'snckpa16']"
381,0,42.347843214497,SNCKPA16,MAKEART,4116.0,"['cakewalk', 'loops', 'snckpa16']"
382,0,15.317762085823,SNCKPA16,MAKELIS,537.0,"['dynamic-programming', 'lis', 'medium', 'snckpa16', 'subsequence']"
383,0,16.694106025683,SNCKPA16,GIVCANDY,1960.0,"['euclids-algo', 'gcd', 'snckpa16', 'bezout-identity', 'simple']"
384,0,64.29172982988001,SNCKPA16,NDIFFPAL,3701.0,"['ad-hoc', 'dynamic-programming', 'easy', 'palindrome', 'snckpa16', 'strings']"
385,0,9.056122448979599,SNCKPA16,SUBSEG2,197.0,"['activity-selection', 'binary-search', 'greedy', 'jump-pointer', 'medium', 'snckpa16']"
386,0,27.233020310110998,JUNE16,CHEARMY,3447.0,"['easy', 'simple-math']"
387,0,8.0727812848125,JUNE16,CHSQARR,911.0,"['dynamic-programming', 'partial-sums', 'medium']"
388,0,60.734463276836,JUNE16,CHNWGM,164.0,['challenge']
389,0,7.3556150616549,JUNE16,CHEFARK,1965.0,['easy']
390,0,32.918177518524,JUNE16,BINOP,3943.0,"['easy', 'binay-ops']"
391,0,40.321384425215996,JUNE16,CHCOINSG,4662.0,"['simple', 'finding-pattern', 'game-theory']"
392,0,3.076859195283,JUNE16,FRJUMP,600.0,"['log', 'medium']"
393,0,49.215076322072,JUNE16,DEVARRAY,6364.0,"['cakewalk', 'basic-maths']"
394,0,1.5775034293553,JUNE16,SADPAIRS,32.0,"['tree-dp', 'hard']"
395,0,19.428571428571,LTIME36,ALOST,33.0,['number-theory']
396,0,37.920298879203,LTIME36,ACBALL,606.0,['greedy']
397,0,4.9180327868852,LTIME36,AHWORK,9.0,"['dynamic-programming', 'strings']"
398,0,10.758620689655,LTIME36,ASTRING,147.0,['implementation']
399,0,52.22483559737,SNCKQL16,KTTABLE,9003.0,"['array', 'cakewalk', 'loop', 'snckql16']"
400,0,19.728106228264,SNCKQL16,FDIVGAME,566.0,"['easy', 'sprague-grundy', 'game-theory', 'snckql16']"
401,0,10.848400556328,SNCKQL16,KGOOD,1522.0,"['easy', 'greedy-algo', 'snckql16', 'strings']"
402,0,8.590094464553701,SNCKQL16,MMSUM,1750.0,"['maxsum', 'medium', 'snckql16']"
403,0,18.720334156066002,COOK70,P1Z2S,966.0,['cakewalk']
404,0,0.0,COOK70,EURO,0.0,"['dynamic-programming', 'recursion', 'medium-hard']"
405,0,10.769230769231,COOK70,EZNO,27.0,"['enumeration', 'pdn', 'backtracking', 'easy']"
406,0,1.5625,COOK70,TANDEM,1.0,"['medium-hard', 'rmq', 'lcp', 'suffix-array', 'segment-tree', 'string-hashing']"
407,0,8.045977011494301,COOK70,MAZE,7.0,"['bfs', 'union-find', 'easy-medium', 'dfs', 'dual-graph']"
408,0,8.6813186813187,MAY16,SEAGCD2,204.0,"['dynamic-programming', 'number-theory']"
409,0,2.5435073627845,MAY16,DISTNUM2,78.0,"['range-tree', 'funtional-ds', 'segment-tree', 'hard']"
410,0,7.4780976220275,MAY16,CHEFMATH,386.0,"['dynamic-programming', 'recursion', 'easy-medium', 'meet-in-middle']"
411,0,55.715974332996,MAY16,CHBLLS,2412.0,"['simple', 'logic']"
412,0,4.676340367773,MAY16,FORESTGA,1253.0,"['binary-search', 'easy']"
413,0,5.2316890881913,MAY16,CHEFNUM,116.0,"['enumeration', 'dynamic-programming']"
414,0,53.187613843352004,MAY16,SHOP2,28.0,"['challenge', 'travel-salesman']"
415,0,19.344308827704,MAY16,CHEFSOC2,1229.0,"['dynamic-programming', 'easy']"
416,0,41.321555581049,MAY16,LADDU,3505.0,"['loop', 'cakewalk', 'int-div']"
417,0,5.5222088835534,MAY16,STARROAD,29.0,"['medium-hard', 'biginteger', 'garner-algo', 'chinese-rem', 'dynamic-programming', 'matrix-expo']"
418,0,5.3250773993808,LTIME35,KSUM,83.0,"['implementation', 'data-structure', 'greedy', 'sorting', 'data']"
419,0,8.1395348837209,LTIME35,COLORING,7.0,"['data-structure', 'queries', 'tree', 'segment']"
420,0,5.8823529411765,LTIME35,LABEL,6.0,"['implementation', 'memoization', 'dynamic-programming', 'medium']"
421,0,58.30164765526,LTIME35,TRICOIN,905.0,"['sqrt', 'mathematics', 'implementation', 'binary-search', 'cakewalk']"
422,0,35.251798561151,SSC2016,SCC0103,48.0,"['easy', 'hashing', 'learnersclub', 'sorting', 'ssc2016']"
423,0,20.638820638821002,LOCAPR16,BLTOUR,69.0,"['dfs', 'graph', 'tree']"
424,0,13.905133203379,LOCAPR16,VSQ2,204.0,"['mathematics', 'maths', 'derangement', 'counting']"
425,0,9.153318077803199,LOCAPR16,RUNNING,71.0,"['rabin-karp', 'kmp', 'z-algorithm']"
426,0,63.973799126638,COOK69,MOVIEWKN,1444.0,['cakewalk']
427,0,29.505361466620997,COOK69,ODDDIV,831.0,"['simple', 'sum', 'divisors']"
428,0,28.477690288713998,COOK69,BINTREEQ,212.0,"['lca', 'easy']"
429,0,12.676056338028,COOK69,LCPMAX,18.0,['medium']
430,0,25.641025641026,COOK69,BITTWIST,10.0,['medium-hard']
431,0,11.261261261261001,DMNT2016,DDCC,22.0,"['dmnt2016', 'medium', 'mo-algorithm']"
432,0,20.8,DMNT2016,POFACT,152.0,"['dmnt2016', 'simple']"
433,0,17.557251908397,DMNT2016,SHISTR,65.0,"['ad-hoc', 'dmnt2016', 'easy-medium']"
434,0,17.171717171717,DMNT2016,POMUSE,17.0,"['dmnt2016', 'dynamic-programming', 'medium']"
435,0,2.4924471299094,APRIL16,AMAEXPER,143.0,"['medium', 'jump-pointer', 'tree']"
436,0,7.9462102689487,APRIL16,FURGRAPH,50.0,"['graphs', 'treaps', 'segment-tree', 'hard']"
437,0,19.261637239165,APRIL16,BIPIN3,3359.0,"['simple', 'fastmodexp']"
438,0,8.660409556314,APRIL16,FIBQ,496.0,"['medium', 'fibonacci', 'segment-tree']"
439,0,1.6393442622951,APRIL16,CHNBGMT,13.0,"['hard', 'chinese-rem', 'modular-inv', 'binomial']"
440,0,27.868658831867,APRIL16,CHBLLNS,4496.0,['simple']
441,0,4.7763074984247,APRIL16,DEVGOSTR,303.0,"['easy-medium', 'hamming-dist', 'arithmetic']"
442,0,22.558227916825,APRIL16,CHEFPATH,3831.0,"['simple', 'hamiltonian']"
443,0,51.856922813623,APRIL16,COLOR,5735.0,['cakewalk']
444,0,6.074766355140199,LTIME34,PAIRCLST,36.0,"['dijkstra', 'medium', 'floyd-warshall']"
445,0,7.2494669509595004,LTIME34,ARRAYSUM,34.0,"['dynamic-programming', 'medium-hard', 'data-structure']"
446,0,43.146718146717994,LTIME34,SIMPSTAT,879.0,"['cakewalk', 'sorting']"
447,0,5.1567944250870985,LTIME34,ABABAABA,73.0,"['easy-medium', 'ad-hoc']"
448,0,9.3457943925234,COOK68,NPLANAR,8.0,"['matching', 'dp+bitmask', 'medium-hard', 'edge-cover']"
449,0,69.056897895557,COOK68,ONOZ,874.0,"['cakewalk', 'string-process']"
450,0,26.165803108808,COOK68,TWONIM,294.0,"['nim', 'game-theory', 'easy', 'parity-obsv']"
451,0,38.695478191277,COOK68,ALTARAY,949.0,"['dynamic-programming', 'simple']"
452,0,9.8837209302326,COOK68,KTHCON,17.0,"['medium', 'geometry', 'two-pointers', 'convex-hull']"
453,0,36.734693877550995,FLFI2016,CHKTRE,17.0,"['array', 'dfs', 'dynamic-programming', 'easy-medium', 'flfi2016', 'tree']"
454,0,0.0,FLFI2016,CHKAR,0.0,"['array', 'flfi2016', 'hard', 'stock-span']"
455,0,14.285714285713999,FLFI2016,CHKSEL,9.0,"['medium-hard', 'number-theory', 'lucas-theorem', 'flfi2016']"
456,0,5.5555555555556,FLFI2016,CHKSTR,2.0,"['flfi2016', 'implementation', 'medium-hard']"
457,0,22.222222222221998,FLFI2016,CHKDST,4.0,"['array', 'flfi2016', 'implementation', 'medium', 'medium-hard']"
458,0,5.3097345132743,COBL2016,RNGMOD,6.0,"['cobl2016', 'medium-hard', 'mo-algorithm', 'segment-tree']"
459,0,25.675675675675997,COBL2016,PERFECT,37.0,"['ad-hoc', 'cobl2016', 'simple']"
460,0,16.351118760757,COBL2016,SWEGARR,94.0,"['ad-hoc', 'cobl2016', 'easy', 'sorting', 'sweg', 'swegwan']"
461,0,20.224719101124002,COBL2016,SWEGIRL,18.0,"['cobl2016', 'medium', 'queue', 'segment-tree', 'sweg', 'swegwan']"
462,0,17.021276595745,COBL2016,SWEGSTR,2.0,"['cobl2016', 'easy', 'math', 'sweg', 'swegwan']"
463,0,55.605381165919,INLO2016,INLO21,231.0,"['cakewalk', 'implementation', 'inlo2016', 'maths']"
464,0,23.577235772357998,INLO2016,INLO23,28.0,"['bfs', 'graph-theory', 'inlo2016', 'medium-hard']"
465,0,29.01023890785,INLO2016,INLO22,81.0,"['easy', 'implementation', 'inlo2016', 'logic']"
466,0,11.353211009173998,INLO2016,INLO24,97.0,"['medium-hard', 'number-theory', 'inlo2016']"
467,0,10.384615384615001,INLO2016,INLO25,27.0,"['inlo2016', 'medium-hard', 'number-theory']"
468,0,15.286624203822,CDWR2016,CULMYCA,47.0,"['cdwr2016', 'easy', 'math']"
469,0,12.727272727272995,CDWR2016,VIPGF,21.0,"['cdwr2016', 'easy', 'simple']"
470,0,1.7241379310345,CDWR2016,FEST02,1.0,"['cdwr2016', 'easy']"
471,0,40.650406504064996,CDWR2016,FEST10,46.0,"['cdwr2016', 'easy', 'math']"
472,0,45.833333333332995,CDWR2016,FEST03,11.0,"['cdwr2016', 'easy', 'hashing', 'simple']"
473,0,24.0,CDWR2016,FEST09,6.0,"['cdwr2016', 'easy', 'math']"
474,0,21.052631578947,CDWR2016,FEST07,11.0,"['bit', 'cdwr2016', 'easy']"
475,0,22.5,CDWR2016,FEST05,9.0,"['cdwr2016', 'easy']"
476,0,24.489795918367,ALPH2016,CNTMTX,10.0,"['algophobic', 'alph2016', 'implemenatation']"
477,0,25.274725274725,ALPH2016,AVGSCORE,45.0,"['algophobic', 'alph2016', 'easy']"
478,0,32.352941176471,ALPH2016,YUVRAJ,33.0,"['algophobic', 'alph2016', 'dynamic-programming']"
479,0,0.0,ALPH2016,MAXPER,0.0,"['algophobic', 'alph2016', 'maxflow', 'medium-hard']"
480,0,9.375,COCR2016,FICE,2.0,"['cocr16', 'fibonacci', 'medium', 'recursion']"
481,0,25.581395348837,COCR2016,GOVT,22.0,"['cocr16', 'factorial', 'medium']"
482,0,11.111111111110999,COCR2016,BRDG,7.0,"['cocr2016', 'medium']"
483,0,26.153846153846,COCR2016,MARS,33.0,"['cocr2016', 'medium']"
